asof_date,contract,put_call,strike,side,rank,participant_code,participant_jp,qty
20261002,2610,Put,68000,売超,1,12792,ビーオブエー証券,481
20261002,2610,Put,68000,買超,1,11746,ＵＢＳ証券,330
20261002,2610,Call,68000,売超,1,12479,ＡＢＮクリアリン証券,1158
20261002,2610,Call,68000,買超,1,12792,ビーオブエー証券,515
20261002,2610,Put,68000,売超,2,12410,バークレイズ証券,105
20261002,2610,Put,68000,買超,2,11714,ＪＰモルガン証券,200
20261002,2610,Call,68000,売超,2,11714,ＪＰモルガン証券,307
20261002,2610,Call,68000,買超,2,12410,バークレイズ証券,398
20261002,2610,Put,68000,売超,3,12428,ＢＮＰパリバ証券,12
20261002,2610,Put,68000,買超,3,11788,ソシエテＧ証券,55
20261002,2610,Call,68000,売超,3,11746,ＵＢＳ証券,173
20261002,2610,Call,68000,買超,3,12428,ＢＮＰパリバ証券,243
20261002,2610,Put,68000,売超,4,11060,三菱ＵＦＪｅスマート,10
20261002,2610,Put,68000,買超,4,11256,ＳＢＩ証券,10
20261002,2610,Call,68000,売超,4,11788,ソシエテＧ証券,91
20261002,2610,Call,68000,買超,4,12400,野村証券,240
20261002,2610,Put,68000,売超,5,12479,ＡＢＮクリアリン証券,8
20261002,2610,Put,68000,買超,5,12057,楽天証券,7
20261002,2610,Call,68000,売超,5,11560,ゴールドマン証券,55
20261002,2610,Call,68000,買超,5,12724,ＨＳＢＣ証券,150
20261002,2610,Put,68000,売超,6,11544,岩井コスモ証券,2
20261002,2610,Put,68000,買超,6,12400,野村証券,5
20261002,2610,Call,68000,売超,6,11256,ＳＢＩ証券,24
20261002,2610,Call,68000,買超,6,13004,サスケハナ・ホンコン,136
20261002,2610,Put,68000,買超,7,12795,インタラクティブ証券,4
20261002,2610,Call,68000,売超,7,11272,岡三証券,20
20261002,2610,Call,68000,買超,7,11696,みずほ証券,100
20261002,2610,Put,68000,買超,8,11056,安藤証券,2
20261002,2610,Call,68000,売超,8,12000,大和証券,8
20261002,2610,Call,68000,買超,8,11792,シティグループ証券,70
20261002,2610,Put,68000,買超,9,12288,フィリップ・キャ証券,2
20261002,2610,Call,68000,売超,9,12560,松井証券,7
20261002,2610,Call,68000,買超,9,12800,モルガンＭＵＦＧ証券,11
20261002,2610,Put,68000,買超,10,12330,マネックス証券,2
20261002,2610,Call,68000,売超,10,11060,三菱ＵＦＪｅスマート,6
20261002,2610,Call,68000,買超,10,11056,安藤証券,2
20261002,2610,Put,68000,買超,11,12560,松井証券,1
20261002,2610,Call,68000,売超,11,12288,フィリップ・キャ証券,6
20261002,2610,Call,68000,買超,11,12330,マネックス証券,2
20261002,2610,Call,68000,売超,12,12336,日産証券,6
20261002,2610,Call,68000,買超,12,12795,インタラクティブ証券,1
20261002,2610,Call,68000,売超,13,12057,楽天証券,5
20261002,2610,Call,68000,売超,14,11448,Ｊトラストグローバル,1
20261002,2610,Call,68000,売超,15,11544,岩井コスモ証券,1
20261002,2610,Put,68125,売超,1,12057,楽天証券,1
20261002,2610,Put,68125,買超,1,12479,ＡＢＮクリアリン証券,1
20261002,2610,Call,68125,売超,1,11560,ゴールドマン証券,63
20261002,2610,Call,68125,買超,1,12479,ＡＢＮクリアリン証券,50
20261002,2610,Call,68125,売超,2,12560,松井証券,2
20261002,2610,Call,68125,買超,2,12428,ＢＮＰパリバ証券,8
20261002,2610,Call,68125,売超,3,11060,三菱ＵＦＪｅスマート,1
20261002,2610,Call,68125,買超,3,12795,インタラクティブ証券,8
20261002,2610,Call,68125,売超,4,11714,ＪＰモルガン証券,1
20261002,2610,Call,68125,買超,4,12057,楽天証券,1
20261002,2610,Put,68250,売超,1,11714,ＪＰモルガン証券,200
20261002,2610,Put,68250,買超,1,12479,ＡＢＮクリアリン証券,199
20261002,2610,Call,68250,売超,1,11060,三菱ＵＦＪｅスマート,6
20261002,2610,Call,68250,買超,1,12428,ＢＮＰパリバ証券,10
20261002,2610,Put,68250,買超,2,12560,松井証券,1
20261002,2610,Call,68250,売超,2,12479,ＡＢＮクリアリン証券,6
20261002,2610,Call,68250,買超,2,12410,バークレイズ証券,2
20261002,2610,Call,68250,売超,3,11544,岩井コスモ証券,2
20261002,2610,Call,68250,買超,3,11256,ＳＢＩ証券,1
20261002,2610,Call,68250,買超,4,12057,楽天証券,1
20261002,2610,Put,68375,売超,1,12800,モルガンＭＵＦＧ証券,61
20261002,2610,Put,68375,買超,1,12479,ＡＢＮクリアリン証券,56
20261002,2610,Call,68375,売超,1,12410,バークレイズ証券,10
20261002,2610,Call,68375,買超,1,12800,モルガンＭＵＦＧ証券,10
20261002,2610,Put,68375,買超,2,12428,ＢＮＰパリバ証券,5
20261002,2610,Call,68375,売超,2,11560,ゴールドマン証券,2
20261002,2610,Call,68375,買超,2,12428,ＢＮＰパリバ証券,4
20261002,2610,Call,68375,売超,3,12479,ＡＢＮクリアリン証券,2
20261002,2610,Put,68500,売超,1,12479,ＡＢＮクリアリン証券,73
20261002,2610,Put,68500,買超,1,12800,モルガンＭＵＦＧ証券,39
20261002,2610,Call,68500,売超,1,12428,ＢＮＰパリバ証券,721
20261002,2610,Call,68500,買超,1,12792,ビーオブエー証券,1035
20261002,2610,Put,68500,売超,2,11788,ソシエテＧ証券,2
20261002,2610,Put,68500,買超,2,11256,ＳＢＩ証券,16
20261002,2610,Call,68500,売超,2,12479,ＡＢＮクリアリン証券,398
20261002,2610,Call,68500,買超,2,11714,ＪＰモルガン証券,182
20261002,2610,Put,68500,売超,3,12410,バークレイズ証券,1
20261002,2610,Put,68500,買超,3,12057,楽天証券,10
20261002,2610,Call,68500,売超,3,12400,野村証券,100
20261002,2610,Call,68500,買超,3,12800,モルガンＭＵＦＧ証券,92
20261002,2610,Put,68500,売超,4,12428,ＢＮＰパリバ証券,1
20261002,2610,Put,68500,買超,4,12795,インタラクティブ証券,6
20261002,2610,Call,68500,売超,4,11788,ソシエテＧ証券,65
20261002,2610,Call,68500,買超,4,11520,三菱ＵＦＪ証券,50
20261002,2610,Put,68500,買超,5,12792,ビーオブエー証券,3
20261002,2610,Call,68500,売超,5,12560,松井証券,19
20261002,2610,Call,68500,買超,5,12288,フィリップ・キャ証券,2
20261002,2610,Put,68500,買超,6,12330,マネックス証券,2
20261002,2610,Call,68500,売超,6,12057,楽天証券,18
20261002,2610,Put,68500,買超,7,11060,三菱ＵＦＪｅスマート,1
20261002,2610,Call,68500,売超,7,12410,バークレイズ証券,17
20261002,2610,Call,68500,売超,8,11060,三菱ＵＦＪｅスマート,7
20261002,2610,Call,68500,売超,9,11256,ＳＢＩ証券,7
20261002,2610,Call,68500,売超,10,11746,ＵＢＳ証券,5
20261002,2610,Call,68500,売超,11,12795,インタラクティブ証券,2
20261002,2610,Call,68500,売超,12,11544,岩井コスモ証券,1
20261002,2610,Call,68500,売超,13,12330,マネックス証券,1
