report_date,contract,strike,call_iv,put_iv,call_theo,put_theo,call_close,put_close,underlying,base_vol
20260828,2609,20000,2.34051,0.968266,46412.47,0.0,0.0,0.0,66405.56,0.2462
20260828,2609,21000,2.245349,0.968266,45412.82,0.0,0.0,0.0,66405.56,0.2462
20260828,2609,22000,2.154798,0.968266,44413.16,0.0,0.0,0.0,66405.56,0.2462
20260828,2609,23000,2.06843,0.968266,43413.51,0.0,0.0,0.0,66405.56,0.2462
20260828,2609,24000,2.032316,0.968266,42413.85,0.0,0.0,0.0,66405.56,0.2462
20260828,2609,25000,1.952101,0.968266,41414.2,0.0,0.0,0.0,66405.56,0.2462
20260828,2609,26000,1.875141,0.968266,40414.54,0.0,0.0,0.0,66405.56,0.2462
20260828,2609,27000,1.801178,0.968266,39414.89,0.0,0.0,0.0,66405.56,0.2462
20260828,2609,27250,1.783129,0.968266,39164.98,0.0,0.0,0.0,66405.56,0.2462
20260828,2609,27500,1.765249,0.968266,38915.07,0.0,0.0,0.0,66405.56,0.2462
20260828,2609,27750,1.747536,0.968266,38665.15,0.0,0.0,0.0,66405.56,0.2462
20260828,2609,28000,1.729986,0.968266,38415.24,0.0,0.0,0.0,66405.56,0.2462
20260828,2609,28250,1.712597,0.968266,38165.33,0.0,0.0,0.0,66405.56,0.2462
20260828,2609,28500,1.695365,0.968266,37915.41,0.0,0.0,0.0,66405.56,0.2462
20260828,2609,28750,1.678288,0.968266,37665.5,0.0,0.0,0.0,66405.56,0.2462
20260828,2609,29000,1.661363,0.968266,37415.59,0.01,0.0,0.0,66405.56,0.2462
20260828,2609,29250,1.644587,0.968266,37165.68,0.01,0.0,0.0,66405.56,0.2462
20260828,2609,29500,1.627957,0.968266,36915.77,0.01,0.0,0.0,66405.56,0.2462
20260828,2609,29750,1.611471,0.968266,36665.86,0.02,0.0,0.0,66405.56,0.2462
20260828,2609,30000,1.595126,0.968266,36415.95,0.02,0.0,0.0,66405.56,0.2462
20260828,2609,30250,1.57892,0.968266,36166.04,0.03,0.0,0.0,66405.56,0.2462
20260828,2609,30500,1.562851,0.968266,35916.14,0.03,0.0,0.0,66405.56,0.2462
20260828,2609,30750,1.546916,0.968266,35666.23,0.04,0.0,0.0,66405.56,0.2462
20260828,2609,31000,1.531112,0.968266,35416.33,0.05,0.0,1.0,66405.56,0.2462
20260828,2609,31250,1.515439,0.968266,35166.43,0.06,0.0,0.0,66405.56,0.2462
20260828,2609,31500,1.499892,0.968266,34916.53,0.08,0.0,0.0,66405.56,0.2462
20260828,2609,31750,1.484471,0.968266,34666.63,0.09,0.0,0.0,66405.56,0.2462
20260828,2609,32000,1.469174,0.968266,34416.74,0.11,0.0,1.0,66405.56,0.2462
20260828,2609,32250,1.453998,0.968266,34166.85,0.14,0.0,1.0,66405.56,0.2462
20260828,2609,32500,1.438941,0.968266,33916.96,0.16,0.0,1.0,66405.56,0.2462
20260828,2609,32750,1.424002,0.968266,33667.08,0.2,0.0,1.0,66405.56,0.2462
20260828,2609,33000,1.409178,0.968266,33417.2,0.23,0.0,1.0,66405.56,0.2462
20260828,2609,33250,1.394467,0.968266,33167.33,0.28,0.0,0.0,66405.56,0.2462
20260828,2609,33500,1.379869,0.968266,32917.47,0.33,0.0,1.0,66405.56,0.2462
20260828,2609,33750,1.365381,0.968266,32667.62,0.39,0.0,0.0,66405.56,0.2462
20260828,2609,34000,1.351002,0.968266,32417.77,0.46,0.0,1.0,66405.56,0.2462
20260828,2609,34250,1.336729,0.968266,32167.94,0.54,0.0,0.0,66405.56,0.2462
20260828,2609,34500,1.322561,0.968266,31918.11,0.63,0.0,1.0,66405.56,0.2462
20260828,2609,34750,1.308497,0.968266,31668.31,0.73,0.0,1.0,66405.56,0.2462
20260828,2609,35000,1.294535,0.97915,31418.51,1.5,0.0,1.0,66405.56,0.2462
20260828,2609,35250,1.310788,0.968266,31168.73,0.99,0.0,1.0,66405.56,0.2462
20260828,2609,35500,1.296828,0.988538,30918.85,1.51,0.0,1.0,66405.56,0.2462
20260828,2609,35750,1.253245,0.851154,30668.11,0.19,0.0,1.0,66405.56,0.2462
20260828,2609,36000,1.239676,0.938179,30418.23,1.5,0.0,1.0,66405.56,0.2462
20260828,2609,36250,1.226201,0.928108,30168.37,1.51,0.0,2.0,66405.56,0.2462
20260828,2609,36500,1.21282,0.918104,29918.5,1.51,0.0,2.0,66405.56,0.2462
20260828,2609,36750,1.228473,0.851154,29668.65,0.39,0.0,0.0,66405.56,0.2462
20260828,2609,37000,1.215082,0.898292,29418.81,1.5,0.0,2.0,66405.56,0.2462
20260828,2609,37250,1.20178,0.851154,29168.98,0.54,0.0,2.0,66405.56,0.2462
20260828,2609,37500,1.188567,0.878735,28919.16,2.01,0.0,0.0,66405.56,0.2462
20260828,2609,37750,1.175441,0.851154,28669.35,0.74,0.0,2.0,66405.56,0.2462
20260828,2609,38000,1.162401,0.859427,28419.57,1.51,0.0,2.0,66405.56,0.2462
20260828,2609,38250,1.149446,0.851154,28169.8,1.02,0.0,0.0,66405.56,0.2462
20260828,2609,38500,1.136575,0.866857,27919.89,1.51,0.0,2.0,66405.56,0.2462
20260828,2609,38750,1.123787,0.857147,27669.97,1.51,0.0,2.0,66405.56,0.2462
20260828,2609,39000,1.111079,0.866443,27420.06,2.01,0.0,2.0,66405.56,0.2462
20260828,2609,39250,1.098452,0.856653,27170.15,2.02,0.0,0.0,66405.56,0.2462
20260828,2609,39500,1.085905,0.846921,26920.23,2.01,0.0,2.0,66405.56,0.2462
20260828,2609,39750,1.073435,0.795,26670.32,1.02,0.0,0.0,66405.56,0.2462
20260828,2609,40000,1.061042,0.827629,26420.41,2.51,0.0,2.0,66405.56,0.2462
20260828,2609,40250,1.048725,0.818069,26170.49,2.01,0.0,3.0,66405.56,0.2462
20260828,2609,40500,1.036482,0.808563,25920.58,2.01,0.0,3.0,66405.56,0.2462
20260828,2609,40750,1.024314,0.799113,25670.67,2.01,0.0,0.0,66405.56,0.2462
20260828,2609,41000,1.012218,0.789716,25420.75,2.01,0.0,3.0,66405.56,0.2462
20260828,2609,41250,1.000194,0.780373,25170.84,3.53,0.0,3.0,66405.56,0.2462
20260828,2609,41500,0.988241,0.771082,24920.93,2.51,0.0,3.0,66405.56,0.2462
20260828,2609,41750,0.976358,0.761843,24671.01,2.51,0.0,4.0,66405.56,0.2462
20260828,2609,42000,0.964544,0.752655,24421.1,2.51,0.0,3.0,66405.56,0.2462
20260828,2609,42250,0.952798,0.743517,24171.19,3.53,0.0,3.0,66405.56,0.2462
20260828,2609,42500,0.941119,0.734429,23921.27,2.52,0.0,3.0,66405.56,0.2462
20260828,2609,42750,0.929506,0.72539,23671.36,2.51,0.0,3.0,66405.56,0.2462
20260828,2609,43000,0.917959,0.7164,23421.45,3.02,0.0,3.0,66405.56,0.2462
20260828,2609,43250,0.906476,0.732033,23171.53,3.02,0.0,0.0,66405.56,0.2462
20260828,2609,43500,0.895057,0.722863,22921.62,3.02,0.0,4.0,66405.56,0.2462
20260828,2609,43750,0.8837,0.713741,22671.71,4.04,0.0,4.0,66405.56,0.2462
20260828,2609,44000,0.872406,0.722886,22421.79,4.0,0.0,4.0,66405.56,0.2462
20260828,2609,44250,0.861172,0.695638,22171.88,4.03,0.0,0.0,66405.56,0.2462
20260828,2609,44500,0.849999,0.686654,21921.97,4.03,0.0,4.0,66405.56,0.2462
20260828,2609,44750,0.838885,0.695322,21672.05,5.05,0.0,0.0,66405.56,0.2462
20260828,2609,45000,0.82783,0.686226,21423.16,4.53,0.0,5.0,66405.56,0.2462
20260828,2609,45250,0.836328,0.677174,21174.27,4.04,0.0,5.0,66405.56,0.2462
20260828,2609,45500,0.825221,0.682168,20925.38,5.05,0.0,5.0,66405.56,0.2462
20260828,2609,45750,0.814171,0.673799,20676.49,5.05,0.0,7.0,66405.56,0.2462
20260828,2609,46000,0.803175,0.670548,20427.09,5.54,0.0,6.0,66405.56,0.2462
20260828,2609,46250,0.792235,0.661678,20177.68,5.56,0.0,6.0,66405.56,0.2462
20260828,2609,46500,0.781349,0.657374,19927.26,6.07,0.0,6.0,66405.56,0.2462
20260828,2609,46750,0.770516,0.649052,19678.37,6.07,0.0,6.0,66405.56,0.2462
20260828,2609,47000,0.759736,0.64483,19428.46,6.55,0.0,7.0,66405.56,0.2462
20260828,2609,47250,0.765059,0.630988,19179.06,6.07,0.0,0.0,66405.56,0.2462
20260828,2609,47500,0.754229,0.63165,18929.66,7.08,0.0,9.0,66405.56,0.2462
20260828,2609,47750,0.743449,0.6226,18679.75,7.08,0.0,0.0,66405.56,0.2462
20260828,2609,48000,0.732719,0.617664,18429.83,7.56,0.0,7.0,66405.56,0.2462
20260828,2609,48250,0.722038,0.612957,18180.94,8.1,0.0,8.0,66405.56,0.2462
20260828,2609,48500,0.711405,0.603918,17931.03,8.1,0.0,8.0,66405.56,0.2462
20260828,2609,48750,0.70082,0.598704,17681.63,8.6,0.0,8.0,66405.56,0.2462
20260828,2609,49000,0.690282,0.593015,17432.23,9.07,0.0,9.0,66405.56,0.2462
20260828,2609,49250,0.67979,0.584251,17182.32,9.11,0.0,11.0,66405.56,0.2462
20260828,2609,49500,0.669343,0.578615,16932.41,9.62,0.0,10.0,66405.56,0.2462
20260828,2609,49750,0.658941,0.572803,16683.01,10.13,0.0,10.0,66405.56,0.2462
20260828,2609,50000,0.648584,0.566569,16433.61,10.59,0.0,10.0,66405.56,0.2462
20260828,2609,50250,0.651052,0.559881,16183.71,11.14,0.0,11.0,66405.56,0.2462
20260828,2609,50500,0.640638,0.554456,15934.82,11.65,0.0,13.0,66405.56,0.2462
20260828,2609,50750,0.630266,0.547238,15684.91,12.16,0.0,12.0,66405.56,0.2462
20260828,2609,51000,0.619936,0.543184,15436.02,11.65,0.0,13.0,66405.56,0.2462
20260828,2609,51250,0.609645,0.532566,15186.11,12.67,0.0,13.0,66405.56,0.2462
20260828,2609,51500,0.599395,0.52828,14937.23,13.68,0.0,13.0,66405.56,0.2462
20260828,2609,51750,0.589183,0.523654,14688.34,14.7,0.0,0.0,66405.56,0.2462
20260828,2609,52000,0.579009,0.515827,14438.44,14.99,0.0,15.0,66405.56,0.2462
20260828,2609,52250,0.579503,0.509651,14189.55,15.72,0.0,15.0,66405.56,0.2462
20260828,2609,52500,0.569272,0.504431,13940.67,16.73,0.0,16.0,66405.56,0.2462
20260828,2609,52750,0.559076,0.498971,13691.78,17.75,0.0,0.0,66405.56,0.2462
20260828,2609,53000,0.548915,0.490714,13442.9,18.0,0.0,18.0,66405.56,0.2462
20260828,2609,53250,0.538789,0.484917,13193.0,19.03,0.0,18.0,66405.56,0.2462
20260828,2609,53500,0.537902,0.478932,12944.11,20.79,0.0,20.0,66405.56,0.2462
20260828,2609,53750,0.527718,0.472773,12695.23,21.09,0.0,0.0,66405.56,0.2462
20260828,2609,54000,0.517566,0.469209,12446.35,22.99,0.0,23.0,66405.56,0.2462
20260828,2609,54250,0.507445,0.459984,12197.48,23.85,0.0,0.0,66405.56,0.2462
20260828,2609,54500,0.497354,0.453376,11948.6,24.2,0.0,23.0,66405.56,0.2462
20260828,2609,54750,0.495295,0.445967,11699.21,24.72,0.0,0.0,66405.56,0.2462
20260828,2609,55000,0.485144,0.44209,11451.87,26.99,0.0,27.0,66405.56,0.2462
20260828,2609,55250,0.47502,0.436867,11203.51,28.85,0.0,0.0,66405.56,0.2462
20260828,2609,55500,0.472112,0.429476,10954.12,29.78,0.0,28.0,66405.56,0.2462
20260828,2609,55750,0.461929,0.421422,10705.25,30.42,0.0,30.0,66405.56,0.2462
20260828,2609,56000,0.45177,0.416743,10457.4,32.85,0.0,33.0,66405.56,0.2462
20260828,2609,56250,0.448116,0.411207,10210.07,35.06,0.0,0.0,66405.56,0.2462
20260828,2609,56500,0.437896,0.403463,9961.2,36.11,0.0,34.0,66405.56,0.2462
20260828,2609,56750,0.433658,0.398881,9714.39,39.21,0.0,35.0,66405.56,0.2462
20260828,2609,57000,0.423377,0.389328,9466.55,39.0,0.0,39.0,66405.56,0.2462
20260828,2609,57250,0.413114,0.384281,9217.69,42.34,0.0,0.0,66405.56,0.2462
20260828,2609,57500,0.408271,0.38025,8971.9,47.75,0.0,46.0,66405.56,0.2462
20260828,2609,57750,0.40303,0.378226,8727.15,50.03,0.0,0.0,66405.56,0.2462
20260828,2609,58000,0.392621,0.369582,8478.3,52.99,0.0,53.0,66405.56,0.2462
20260828,2609,58250,0.386939,0.364245,8233.03,56.94,0.0,54.0,66405.56,0.2462
20260828,2609,58375,0.381699,0.360439,8108.61,58.47,0.0,0.0,66405.56,0.2462
20260828,2609,58500,0.380923,0.357614,7987.26,60.0,0.0,60.0,66405.56,0.2462
20260828,2609,58625,0.375644,0.355725,7863.87,63.05,0.0,0.0,66405.56,0.2462
20260828,2609,58750,0.374599,0.352701,7741.5,66.1,0.0,0.0,66405.56,0.2462
20260828,2609,58875,0.369281,0.349599,7618.61,68.64,0.0,0.0,66405.56,0.2462
20260828,2609,59000,0.367985,0.347363,7495.73,70.0,0.0,70.0,66405.56,0.2462
20260828,2609,59125,0.362628,0.344091,7372.85,73.23,0.0,100.0,66405.56,0.2462
20260828,2609,59250,0.361099,0.342319,7252.54,75.77,0.0,0.0,66405.56,0.2462
20260828,2609,59375,0.359389,0.339061,7129.66,79.84,0.0,75.0,66405.56,0.2462
20260828,2609,59500,0.353955,0.336376,7007.81,82.39,0.0,80.0,66405.56,0.2462
20260828,2609,59625,0.352038,0.333123,6885.45,83.42,0.0,0.0,66405.56,0.2462
20260828,2609,59750,0.349962,0.329913,6765.14,86.0,0.0,86.0,66405.56,0.2462
20260828,2609,59875,0.34445,0.329194,6644.32,95.1,0.0,90.0,66405.56,0.2462
20260828,2609,60000,0.342187,0.328216,6522.47,98.0,0.0,98.0,66405.56,0.2462
20260828,2609,60125,0.339781,0.324939,6403.19,103.74,0.0,112.0,66405.56,0.2462
20260828,2609,60250,0.33724,0.32158,6281.35,106.3,0.0,0.0,66405.56,0.2462
20260828,2609,60375,0.33457,0.319444,6161.56,111.38,0.0,0.0,66405.56,0.2462
20260828,2609,60500,0.331776,0.316522,6040.24,116.97,0.0,118.0,66405.56,0.2462
20260828,2609,60625,0.326075,0.312262,5915.85,122.56,0.0,0.0,66405.56,0.2462
20260828,2609,60750,0.325834,0.312125,5801.69,128.66,0.0,221.0,66405.56,0.2462
20260828,2609,60875,0.322695,0.310539,5683.95,135.27,0.0,122.0,66405.56,0.2462
20260828,2609,61000,0.319447,0.30929,5563.47,138.99,0.0,139.0,66405.56,0.2462
20260828,2609,61125,0.318558,0.306762,5447.46,148.99,0.0,128.0,66405.56,0.2462
20260828,2609,61250,0.315043,0.304595,5331.13,156.11,0.0,140.0,66405.56,0.2462
20260828,2609,61375,0.313742,0.302744,5213.02,163.22,0.0,0.0,66405.56,0.2462
20260828,2609,61500,0.309979,0.302575,5098.9,172.0,0.0,172.0,66405.56,0.2462
20260828,2609,61625,0.308305,0.297547,4977.07,181.5,0.0,0.0,66405.56,0.2462
20260828,2609,61750,0.306419,0.296492,4864.15,189.13,0.0,182.0,66405.56,0.2462
20260828,2609,61875,0.302291,0.293469,4745.21,199.29,0.0,0.0,66405.56,0.2462
20260828,2609,62000,0.302054,0.293615,4636.99,206.99,0.0,207.0,66405.56,0.2462
20260828,2609,62125,0.299593,0.290233,4517.96,219.1,0.0,315.0,66405.56,0.2462
20260828,2609,62250,0.296956,0.288275,4407.31,231.78,0.0,0.0,66405.56,0.2462
20260828,2609,62375,0.29415,0.286107,4290.22,243.97,0.0,350.0,66405.56,0.2462
20260828,2609,62500,0.292933,0.286621,4185.21,255.0,0.0,255.0,66405.56,0.2462
20260828,2609,62625,0.291455,0.282927,4067.58,270.86,0.0,0.0,66405.56,0.2462
20260828,2609,62750,0.28749,0.280806,3973.2,285.57,0.0,263.0,66405.56,0.2462
20260828,2609,62875,0.286172,0.279128,3846.49,302.3,0.0,0.0,66405.56,0.2462
20260828,2609,63000,0.285585,0.281634,3753.63,319.99,0.0,320.0,66405.56,0.2462
20260828,2609,63125,0.283183,0.276282,3629.99,337.79,0.0,415.0,66405.56,0.2462
20260828,2609,63250,0.282038,0.275361,3539.12,353.02,0.0,360.0,66405.56,0.2462
20260828,2609,63375,0.280612,0.274139,3418.6,373.28,0.0,0.0,66405.56,0.2462
20260828,2609,63500,0.278917,0.272634,3324.62,393.55,0.0,395.0,66405.56,0.2462
20260828,2609,63625,0.276963,0.270855,3209.76,407.2,0.0,0.0,66405.56,0.2462
20260828,2609,63750,0.27344,0.268816,3120.2,439.14,0.0,435.0,66405.56,0.2462
20260828,2609,63875,0.273602,0.267824,3006.01,460.03,0.0,0.0,66405.56,0.2462
20260828,2609,64000,0.271102,0.267788,2920.83,479.99,0.0,480.0,66405.56,0.2462
20260828,2609,64125,0.270407,0.264925,2807.36,512.58,0.0,0.0,66405.56,0.2462
20260828,2609,64250,0.268391,0.26304,2726.5,545.44,0.0,540.0,66405.56,0.2462
20260828,2609,64375,0.267278,0.262058,2611.26,573.28,0.0,825.0,66405.56,0.2462
20260828,2609,64500,0.264705,0.260754,2534.7,598.62,0.0,570.0,66405.56,0.2462
20260828,2609,64625,0.265254,0.26027,2425.3,634.01,0.0,615.0,66405.56,0.2462
20260828,2609,64750,0.263212,0.258329,2352.96,666.89,0.0,680.0,66405.56,0.2462
20260828,2609,64875,0.261968,0.257183,2244.41,713.52,0.0,885.0,66405.56,0.2462
20260828,2609,65000,0.259337,0.255708,2168.73,732.65,2000.0,735.0,66405.56,0.2462
20260828,2609,65125,0.259578,0.254965,2107.86,761.94,0.0,0.0,66405.56,0.2462
20260828,2609,65250,0.257283,0.260092,1994.55,829.99,0.0,830.0,66405.56,0.2462
20260828,2609,65375,0.25589,0.25142,1889.92,856.43,0.0,0.0,66405.56,0.2462
20260828,2609,65500,0.254074,0.250678,1827.91,894.36,1970.0,880.0,66405.56,0.2462
20260828,2609,65625,0.253928,0.249578,1728.32,931.4,0.0,1310.0,66405.56,0.2462
20260828,2609,65750,0.253417,0.249117,1668.81,990.27,0.0,870.0,66405.56,0.2462
20260828,2609,65875,0.251423,0.247307,1594.28,1040.74,1775.0,0.0,66405.56,0.2462
20260828,2609,66000,0.251318,0.246123,1527.26,1091.21,1515.0,1080.0,66405.56,0.2462
20260828,2609,66125,0.250265,0.246517,1452.73,1154.19,0.0,1030.0,66405.56,0.2462
20260828,2609,66250,0.24876,0.244596,1368.2,1204.67,1410.0,1350.0,66405.56,0.2462
20260828,2609,66375,0.248133,0.244238,1313.69,1270.15,0.0,1240.0,66405.56,0.2462
20260828,2609,66500,0.249565,0.245431,1246.68,1309.99,1235.0,1310.0,66405.56,0.2462
20260828,2609,66625,0.245493,0.241427,1179.67,1378.63,1270.0,1815.0,66405.56,0.2462
20260828,2609,66750,0.246506,0.238962,1127.65,1451.61,1220.0,0.0,66405.56,0.2462
20260828,2609,66875,0.245088,0.238039,1068.14,1504.62,1230.0,0.0,66405.56,0.2462
20260828,2609,67000,0.245752,0.238674,1006.15,1590.08,1005.0,1555.0,66405.56,0.2462
20260828,2609,67125,0.243107,0.238934,941.66,1643.1,1025.0,1935.0,66405.56,0.2462
20260828,2609,67250,0.244007,0.236832,904.99,1711.11,905.0,0.0,66405.56,0.2462
20260828,2609,67375,0.243551,0.237313,842.63,1789.08,905.0,0.0,66405.56,0.2462
20260828,2609,67500,0.243725,0.235392,803.07,1874.53,760.0,1835.0,66405.56,0.2462
20260828,2609,67625,0.240454,0.235094,751.07,1931.25,745.0,0.0,66405.56,0.2462
20260828,2609,67750,0.240879,0.234403,711.52,2030.49,670.0,2030.0,66405.56,0.2462
20260828,2609,67875,0.24136,0.234367,671.97,2097.98,745.0,0.0,66405.56,0.2462
20260828,2609,68000,0.244936,0.233946,650.0,2193.92,650.0,2030.0,66405.56,0.2462
20260828,2609,68125,0.239943,0.233123,592.86,2269.67,635.0,0.0,66405.56,0.2462
20260828,2609,68250,0.239971,0.233013,555.8,2369.8,625.0,2370.0,66405.56,0.2462
20260828,2609,68375,0.239627,0.23135,521.22,2443.85,545.0,0.0,66405.56,0.2462
20260828,2609,68500,0.242415,0.231602,499.99,2553.13,500.0,2550.0,66405.56,0.2462
20260828,2609,68625,0.24005,0.231483,459.52,2632.85,495.0,0.0,66405.56,0.2462
20260828,2609,68750,0.239873,0.230972,429.91,2728.59,440.0,0.0,66405.56,0.2462
20260828,2609,68875,0.239239,0.231348,400.3,2829.24,445.0,0.0,66405.56,0.2462
20260828,2609,69000,0.240798,0.231365,379.99,2934.71,380.0,2750.0,66405.56,0.2462
20260828,2609,69125,0.239383,0.231,351.0,3028.09,395.0,0.0,66405.56,0.2462
20260828,2609,69250,0.239285,0.230226,326.36,3128.75,320.0,0.0,66405.56,0.2462
20260828,2609,69375,0.239238,0.229007,304.19,3230.88,305.0,0.0,66405.56,0.2462
20260828,2609,69500,0.24091,0.22887,288.99,3363.48,289.0,0.0,66405.56,0.2462
20260828,2609,69625,0.239299,0.228338,264.8,3442.5,0.0,0.0,66405.56,0.2462
20260828,2609,69750,0.239779,0.22908,247.58,3549.54,235.0,0.0,66405.56,0.2462
20260828,2609,69875,0.239889,0.227725,229.86,3658.04,0.0,0.0,66405.56,0.2462
20260828,2609,70000,0.242173,0.227726,219.99,3795.12,220.0,0.0,66405.56,0.2462
20260828,2609,70125,0.240261,0.227344,199.87,3878.46,190.0,0.0,66405.56,0.2462
20260828,2609,70250,0.240087,0.226539,185.12,4010.95,180.0,0.0,66405.56,0.2462
20260828,2609,70375,0.240333,0.227443,171.35,4112.35,0.0,0.0,66405.56,0.2462
20260828,2609,70500,0.243538,0.228058,166.0,4231.95,166.0,0.0,66405.56,0.2462
20260828,2609,70625,0.240225,0.225948,147.78,4346.36,182.0,0.0,66405.56,0.2462
20260828,2609,70750,0.240762,0.225768,137.47,4458.15,135.0,0.0,66405.56,0.2462
20260828,2609,70875,0.241086,0.227894,126.18,4559.7,0.0,0.0,66405.56,0.2462
20260828,2609,71000,0.242906,0.227037,120.0,4689.58,120.0,0.0,66405.56,0.2462
20260828,2609,71125,0.241509,0.225683,108.52,4792.29,0.0,0.0,66405.56,0.2462
20260828,2609,71250,0.241269,0.227025,100.18,4918.39,123.0,0.0,66405.56,0.2462
20260828,2609,71375,0.24183,0.224695,92.83,5028.28,101.0,0.0,66405.56,0.2462
20260828,2609,71500,0.243335,0.225389,87.0,5176.03,87.0,0.0,66405.56,0.2462
20260828,2609,71625,0.242715,0.225796,80.09,5266.2,80.0,0.0,66405.56,0.2462
20260828,2609,71750,0.242361,0.221528,74.22,5394.37,78.0,0.0,66405.56,0.2462
20260828,2609,71875,0.242351,0.220908,67.85,5505.08,74.0,0.0,66405.56,0.2462
20260828,2609,72000,0.245829,0.224914,64.99,5625.73,65.0,0.0,66405.56,0.2462
20260828,2609,72125,0.242907,0.223722,57.57,5746.38,53.0,0.0,66405.56,0.2462
20260828,2609,72250,0.244456,0.221926,54.15,5867.51,59.0,0.0,66405.56,0.2462
20260828,2609,72375,0.244935,0.219367,49.74,5989.12,0.0,0.0,66405.56,0.2462
20260828,2609,72500,0.246103,0.215796,46.2,6109.77,43.0,0.0,66405.56,0.2462
20260828,2609,72625,0.245033,0.219446,38.98,6233.31,0.0,0.0,66405.56,0.2462
20260828,2609,72750,0.24568,0.223082,38.5,6355.88,0.0,0.0,66405.56,0.2462
20260828,2609,72875,0.247236,0.217861,34.69,6478.94,0.0,0.0,66405.56,0.2462
20260828,2609,73000,0.248648,0.210304,34.0,6599.58,34.0,0.0,66405.56,0.2462
20260828,2609,73125,0.246601,0.213706,29.44,6723.6,0.0,0.0,66405.56,0.2462
20260828,2609,73250,0.250994,0.217098,28.5,6847.61,35.0,0.0,66405.56,0.2462
20260828,2609,73375,0.246323,0.204616,24.19,6968.26,0.0,0.0,66405.56,0.2462
20260828,2609,73500,0.250855,0.207864,24.83,7091.31,22.0,0.0,66405.56,0.2462
20260828,2609,73625,0.248742,0.176615,21.33,7215.32,27.0,0.0,66405.56,0.2462
20260828,2609,73750,0.251624,0.179914,19.91,7338.85,22.0,0.0,66405.56,0.2462
20260828,2609,73875,0.253292,0.183201,18.96,7462.86,24.0,0.0,66405.56,0.2462
20260828,2609,74000,0.25485,0.01,18.99,7585.91,19.0,0.0,66405.56,0.2462
20260828,2609,74125,0.252406,0.01,16.1,7709.92,0.0,0.0,66405.56,0.2462
20260828,2609,74250,0.254703,0.01,15.63,7834.4,20.0,0.0,66405.56,0.2462
20260828,2609,74375,0.255847,0.01,14.68,7958.41,0.0,0.0,66405.56,0.2462
20260828,2609,74500,0.259833,0.01,13.73,8082.42,15.0,0.0,66405.56,0.2462
20260828,2609,74625,0.258892,0.01,13.26,8206.9,0.0,0.0,66405.56,0.2462
20260828,2609,74750,0.259183,0.01,12.15,8330.91,17.0,0.0,66405.56,0.2462
20260828,2609,74875,0.259898,0.01,11.28,8454.44,0.0,0.0,66405.56,0.2462
20260828,2609,75000,0.262205,0.01,11.0,8579.4,11.0,0.0,66405.56,0.2462
20260828,2609,75125,0.262237,0.01,10.21,8702.93,0.0,0.0,66405.56,0.2462
20260828,2609,75250,0.261977,0.01,9.23,8826.93,10.0,0.0,66405.56,0.2462
20260828,2609,75375,0.26502,0.01,9.23,8951.89,10.0,0.0,66405.56,0.2462
20260828,2609,75500,0.265653,0.01,8.33,9076.38,9.0,0.0,66405.56,0.2462
20260828,2609,76000,0.272116,0.01,6.99,9574.79,7.0,0.0,66405.56,0.2462
20260828,2609,76500,0.275526,0.01,5.34,10073.67,5.0,0.0,66405.56,0.2462
20260828,2609,77000,0.281086,0.01,4.41,10572.07,5.0,0.0,66405.56,0.2462
20260828,2609,77500,0.284769,0.01,3.43,11070.95,4.0,0.0,66405.56,0.2462
20260828,2609,78000,0.299862,0.01,3.99,11570.78,4.0,0.0,66405.56,0.2462
20260828,2609,78500,0.290872,0.01,2.0,12069.66,2.0,0.0,66405.56,0.2462
20260828,2609,79000,0.306451,0.01,2.45,12569.49,2.0,0.0,66405.56,0.2462
20260828,2609,79500,0.310722,0.01,2.0,13068.85,2.0,0.0,66405.56,0.2462
20260828,2609,80000,0.320507,0.01,2.0,13567.72,2.0,0.0,66405.56,0.2462
20260828,2609,80500,0.311616,0.01,1.47,14067.55,2.0,0.0,66405.56,0.2462
20260828,2609,81000,0.320769,0.01,1.47,14567.38,2.0,0.0,66405.56,0.2462
20260828,2609,81500,0.329842,0.01,1.47,15067.21,2.0,0.0,66405.56,0.2462
20260828,2609,82000,0.338838,0.01,1.0,15567.04,1.0,0.0,66405.56,0.2462
20260828,2609,82500,0.346376,0.01,0.95,16066.86,1.0,0.0,66405.56,0.2462
20260828,2609,83000,0.34871,0.01,0.74,16566.49,1.0,0.0,66405.56,0.2462
20260828,2609,83500,0.34871,0.01,0.53,17066.1,0.0,0.0,66405.56,0.2462
20260828,2609,84000,0.34871,0.01,0.38,17565.78,0.0,0.0,66405.56,0.2462
20260828,2609,84500,0.34871,0.01,0.27,18065.49,0.0,0.0,66405.56,0.2462
20260828,2609,85000,0.34871,0.01,0.19,18565.24,0.0,0.0,66405.56,0.2462
20260828,2609,87500,0.34871,0.01,0.03,21064.22,0.0,0.0,66405.56,0.2462
20260828,2609,90000,0.34871,0.01,0.0,23563.32,0.0,0.0,66405.56,0.2462
20260828,2609,92000,0.34871,0.01,0.0,25562.63,1.0,0.0,66405.56,0.2462
20260828,2609,94000,0.34871,0.01,0.0,27561.94,0.0,0.0,66405.56,0.2462
20260828,2609,95000,0.34871,0.01,0.0,28561.59,0.0,0.0,66405.56,0.2462
20260828,2609,96000,0.34871,0.01,0.0,29561.25,0.0,0.0,66405.56,0.2462
20260828,2609,98000,0.34871,0.01,0.0,31560.55,0.0,0.0,66405.56,0.2462
20260828,2609,100000,0.34871,0.01,0.0,33559.86,0.0,0.0,66405.56,0.2462
20260828,2610,20000,1.332008,1.08392,46079.8,2.5,0.0,3.0,66405.56,0.2462
20260828,2610,22500,1.215953,0.793874,43583.23,0.07,0.0,0.0,66405.56,0.2462
20260828,2610,25000,1.083094,0.916511,41086.76,4.01,0.0,4.0,66405.56,0.2462
20260828,2610,26000,1.061959,0.902188,40088.9,5.02,0.0,5.0,66405.56,0.2462
20260828,2610,27000,1.014433,0.846908,39090.25,1.0,0.0,0.0,66405.56,0.2462
20260828,2610,28000,0.968551,0.8498,38091.61,6.53,0.0,6.0,66405.56,0.2462
20260828,2610,29000,0.948969,0.801231,37092.96,1.0,0.0,0.0,66405.56,0.2462
20260828,2610,30000,0.906317,0.808965,36094.31,8.53,0.0,7.0,66405.56,0.2462
20260828,2610,31000,0.865008,0.777226,35095.66,1.0,0.0,0.0,66405.56,0.2462
20260828,2610,32000,0.824938,0.74648,34097.02,9.46,0.0,10.0,66405.56,0.2462
20260828,2610,33000,0.807829,0.741526,33098.37,1.0,0.0,0.0,66405.56,0.2462
20260828,2610,34000,0.770273,0.666922,32099.72,1.0,0.0,0.0,66405.56,0.2462
20260828,2610,35000,0.752524,0.70643,31103.09,15.06,0.0,16.0,66405.56,0.2462
20260828,2610,36000,0.733374,0.677333,30108.47,7.05,0.0,18.0,66405.56,0.2462
20260828,2610,37000,0.71322,0.633473,29113.85,11.08,0.0,0.0,66405.56,0.2462
20260828,2610,38000,0.692336,0.626454,28119.23,15.1,0.0,0.0,66405.56,0.2462
20260828,2610,39000,0.670913,0.615123,27124.61,19.13,0.0,25.0,66405.56,0.2462
20260828,2610,40000,0.649093,0.603565,26130.0,25.22,0.0,25.0,66405.56,0.2462
20260828,2610,41000,0.626979,0.585165,25135.38,27.19,0.0,0.0,66405.56,0.2462
20260828,2610,42000,0.60465,0.567929,24140.77,31.23,0.0,0.0,66405.56,0.2462
20260828,2610,42750,0.5897,0.554342,23394.81,34.25,0.0,0.0,66405.56,0.2462
20260828,2610,43000,0.582163,0.551171,23146.15,36.67,0.0,37.0,66405.56,0.2462
20260828,2610,43250,0.581919,0.545029,22897.5,36.27,0.0,0.0,66405.56,0.2462
20260828,2610,43500,0.574424,0.543121,22650.36,38.79,0.0,0.0,66405.56,0.2462
20260828,2610,43750,0.566972,0.536462,22400.7,38.79,0.0,0.0,66405.56,0.2462
20260828,2610,44000,0.566286,0.532522,22152.55,40.3,0.0,0.0,66405.56,0.2462
20260828,2610,44250,0.558874,0.527635,21903.9,41.31,0.0,0.0,66405.56,0.2462
20260828,2610,44500,0.551503,0.524378,21656.25,43.33,0.0,44.0,66405.56,0.2462
20260828,2610,44750,0.544172,0.517767,21406.59,43.33,0.0,0.0,66405.56,0.2462
20260828,2610,45000,0.543091,0.513814,21157.94,46.57,0.0,47.0,66405.56,0.2462
20260828,2610,45250,0.535796,0.509322,20910.3,46.36,0.0,0.0,66405.56,0.2462
20260828,2610,45500,0.534371,0.506632,20662.65,47.55,0.0,50.0,66405.56,0.2462
20260828,2610,45750,0.52711,0.500046,20412.99,50.38,0.0,0.0,66405.56,0.2462
20260828,2610,46000,0.519888,0.496285,20165.35,51.39,0.0,50.0,66405.56,0.2462
20260828,2610,46250,0.512702,0.491084,19916.7,53.91,0.0,0.0,66405.56,0.2462
20260828,2610,46500,0.510958,0.487173,19669.56,55.92,0.0,56.0,66405.56,0.2462
20260828,2610,46750,0.503804,0.481908,19420.91,57.44,0.0,0.0,66405.56,0.2462
20260828,2610,47000,0.501782,0.479084,19174.27,58.45,0.0,59.0,66405.56,0.2462
20260828,2610,47250,0.494657,0.473736,18925.12,60.97,0.0,0.0,66405.56,0.2462
20260828,2610,47500,0.487567,0.46953,18677.47,62.49,0.0,0.0,66405.56,0.2462
20260828,2610,47750,0.485286,0.465252,18430.34,64.0,0.0,0.0,66405.56,0.2462
20260828,2610,48000,0.482783,0.461978,18183.2,66.52,0.0,66.0,66405.56,0.2462
20260828,2610,48250,0.475714,0.457534,17935.55,68.04,0.0,0.0,66405.56,0.2462
20260828,2610,48500,0.473,0.453597,17688.92,70.56,0.0,69.0,66405.56,0.2462
20260828,2610,48750,0.465957,0.446498,17438.76,71.07,0.0,0.0,66405.56,0.2462
20260828,2610,49000,0.46305,0.44395,17193.64,74.1,0.0,75.0,66405.56,0.2462
20260828,2610,49250,0.456031,0.440104,16946.5,79.14,0.0,0.0,66405.56,0.2462
20260828,2610,49500,0.452945,0.435942,16699.36,79.65,0.0,0.0,66405.56,0.2462
20260828,2610,49750,0.4497,0.43202,16452.73,82.68,0.0,0.0,66405.56,0.2462
20260828,2610,50000,0.442697,0.427415,16205.59,87.99,0.0,85.0,66405.56,0.2462
20260828,2610,50250,0.439297,0.424103,15959.47,89.74,0.0,0.0,66405.56,0.2462
20260828,2610,50500,0.435758,0.420649,15713.34,92.99,0.0,93.0,66405.56,0.2462
20260828,2610,50750,0.428771,0.415576,15466.71,95.3,0.0,0.0,66405.56,0.2462
20260828,2610,51000,0.425095,0.411921,15220.58,96.82,0.0,100.0,66405.56,0.2462
20260828,2610,51250,0.421299,0.406746,14973.45,101.86,0.0,101.0,66405.56,0.2462
20260828,2610,51500,0.417388,0.402907,14729.84,105.0,0.0,105.0,66405.56,0.2462
20260828,2610,51750,0.413368,0.399613,14483.21,110.44,0.0,0.0,66405.56,0.2462
20260828,2610,52000,0.409246,0.396161,14238.6,114.98,0.0,113.0,66405.56,0.2462
20260828,2610,52250,0.405026,0.392301,13993.48,119.52,0.0,0.0,66405.56,0.2462
20260828,2610,52500,0.400714,0.388872,13748.36,123.06,0.0,0.0,66405.56,0.2462
20260828,2610,52750,0.396312,0.384822,13503.75,129.62,0.0,0.0,66405.56,0.2462
20260828,2610,53000,0.391825,0.380627,13259.14,134.17,0.0,138.0,66405.56,0.2462
20260828,2610,53250,0.387257,0.376486,13015.54,138.99,0.0,139.0,66405.56,0.2462
20260828,2610,53500,0.38261,0.371821,12771.94,143.0,0.0,143.0,66405.56,0.2462
20260828,2610,53750,0.377888,0.369227,12527.83,151.33,0.0,0.0,66405.56,0.2462
20260828,2610,54000,0.375315,0.36657,12285.74,158.39,0.0,204.0,66405.56,0.2462
20260828,2610,54250,0.372521,0.362947,12043.65,164.96,0.0,0.0,66405.56,0.2462
20260828,2610,54500,0.367473,0.359181,11800.56,174.04,0.0,0.0,66405.56,0.2462
20260828,2610,54750,0.364358,0.355537,11558.97,181.61,0.0,233.0,66405.56,0.2462
20260828,2610,55000,0.359134,0.351654,11316.89,189.18,0.0,194.0,66405.56,0.2462
20260828,2610,55250,0.355727,0.34818,11076.31,197.77,0.0,0.0,66405.56,0.2462
20260828,2610,55500,0.352151,0.344851,10836.24,207.35,0.0,0.0,66405.56,0.2462
20260828,2610,55750,0.348413,0.341726,10597.18,216.44,0.0,0.0,66405.56,0.2462
20260828,2610,56000,0.344522,0.338182,10357.12,226.03,0.0,224.0,66405.56,0.2462
20260828,2610,56250,0.342102,0.33447,10120.07,236.63,0.0,241.0,66405.56,0.2462
20260828,2610,56500,0.337875,0.331572,9880.52,248.74,0.0,253.0,66405.56,0.2462
20260828,2610,56750,0.333515,0.327829,9642.97,259.85,0.0,266.0,66405.56,0.2462
20260828,2610,57000,0.33049,0.325123,9408.45,274.98,0.0,277.0,66405.56,0.2462
20260828,2610,57250,0.328643,0.321342,9173.93,289.11,0.0,360.0,66405.56,0.2462
20260828,2610,57500,0.323794,0.318442,8938.4,306.26,0.0,310.0,66405.56,0.2462
20260828,2610,57750,0.32145,0.315177,8703.89,320.4,0.0,0.0,66405.56,0.2462
20260828,2610,58000,0.318826,0.312782,8474.4,340.56,0.0,335.0,66405.56,0.2462
20260828,2610,58250,0.314731,0.309142,8242.4,355.71,0.0,375.0,66405.56,0.2462
20260828,2610,58375,0.312022,0.307596,8122.64,365.95,0.0,0.0,66405.56,0.2462
20260828,2610,58500,0.311638,0.306161,8012.93,378.4,0.0,380.0,66405.56,0.2462
20260828,2610,58625,0.310002,0.305835,7898.19,391.16,0.0,0.0,66405.56,0.2462
20260828,2610,58750,0.309434,0.304251,7785.96,401.09,0.0,410.0,66405.56,0.2462
20260828,2610,58875,0.306556,0.302607,7668.71,411.35,0.0,0.0,66405.56,0.2462
20260828,2610,59000,0.305839,0.300903,7556.49,421.27,0.0,420.0,66405.56,0.2462
20260828,2610,59125,0.30396,0.30023,7441.76,435.13,0.0,0.0,66405.56,0.2462
20260828,2610,59250,0.304127,0.297323,7334.56,440.0,0.0,440.0,66405.56,0.2462
20260828,2610,59375,0.301079,0.296502,7214.8,456.76,0.0,0.0,66405.56,0.2462
20260828,2610,59500,0.301057,0.29594,7110.12,471.69,0.0,495.0,66405.56,0.2462
20260828,2610,59625,0.298926,0.294589,6995.4,487.02,0.0,0.0,66405.56,0.2462
20260828,2610,59750,0.298703,0.29151,6890.72,490.0,0.0,490.0,66405.56,0.2462
20260828,2610,59875,0.296449,0.293262,6778.5,519.78,0.0,510.0,66405.56,0.2462
20260828,2610,60000,0.296037,0.291017,6671.31,529.67,0.0,545.0,66405.56,0.2462
20260828,2610,60125,0.293665,0.290688,6559.1,550.04,0.0,545.0,66405.56,0.2462
20260828,2610,60250,0.293075,0.289266,6451.91,559.92,0.0,715.0,66405.56,0.2462
20260828,2610,60375,0.291487,0.287769,6342.21,582.81,0.0,0.0,66405.56,0.2462
20260828,2610,60500,0.290712,0.286235,6237.53,595.19,0.0,625.0,66405.56,0.2462
20260828,2610,60625,0.288973,0.285437,6125.33,615.6,0.0,0.0,66405.56,0.2462
20260828,2610,60750,0.288022,0.283796,6023.17,630.48,0.0,0.0,66405.56,0.2462
20260828,2610,60875,0.286979,0.283618,5915.98,655.91,0.0,0.0,66405.56,0.2462
20260828,2610,61000,0.285847,0.280899,5811.31,664.99,0.0,665.0,66405.56,0.2462
20260828,2610,61125,0.284628,0.281429,5706.64,696.23,0.0,0.0,66405.56,0.2462
20260828,2610,61250,0.283323,0.277773,5571.88,700.0,0.0,700.0,66405.56,0.2462
20260828,2610,61375,0.281935,0.278886,5497.3,736.56,0.0,0.0,66405.56,0.2462
20260828,2610,61500,0.281243,0.27905,5360.01,756.43,0.0,0.0,66405.56,0.2462
20260828,2610,61625,0.279683,0.276776,5292.99,781.91,0.0,0.0,66405.56,0.2462
20260828,2610,61750,0.278798,0.275962,5157.86,809.29,0.0,795.0,66405.56,0.2462
20260828,2610,61875,0.277816,0.272799,5093.71,815.0,0.0,815.0,66405.56,0.2462
20260828,2610,62000,0.276737,0.272556,4958.23,845.0,0.0,845.0,66405.56,0.2462
20260828,2610,62125,0.274115,0.271465,4884.4,886.68,0.0,0.0,66405.56,0.2462
20260828,2610,62250,0.275724,0.273145,4771.14,907.51,0.0,0.0,66405.56,0.2462
20260828,2610,62375,0.272942,0.270414,4695.15,933.05,0.0,0.0,66405.56,0.2462
20260828,2610,62500,0.272886,0.270419,4574.02,965.41,0.0,935.0,66405.56,0.2462
20260828,2610,62625,0.271335,0.268921,4503.41,1003.13,0.0,0.0,66405.56,0.2462
20260828,2610,62750,0.271053,0.268694,4384.44,1025.81,0.0,0.0,66405.56,0.2462
20260828,2610,62875,0.269315,0.267004,4316.69,1061.03,0.0,0.0,66405.56,0.2462
20260828,2610,63000,0.268815,0.265893,4202.37,1080.0,0.0,1080.0,66405.56,0.2462
20260828,2610,63125,0.267548,0.265336,4129.97,1121.45,0.0,0.0,66405.56,0.2462
20260828,2610,63250,0.267478,0.264882,4017.81,1151.66,0.0,0.0,66405.56,0.2462
20260828,2610,63375,0.266005,0.263886,3950.77,1186.88,0.0,0.0,66405.56,0.2462
20260828,2610,63500,0.265704,0.262995,3840.77,1222.11,0.0,0.0,66405.56,0.2462
20260828,2610,63625,0.264031,0.261996,3771.59,1262.34,0.0,0.0,66405.56,0.2462
20260828,2610,63750,0.263506,0.261513,3663.73,1305.09,0.0,1275.0,66405.56,0.2462
20260828,2610,63875,0.261636,0.259065,3589.89,1335.31,0.0,1555.0,66405.56,0.2462
20260828,2610,64000,0.261503,0.259587,3499.23,1378.05,0.0,1410.0,66405.56,0.2462
20260828,2610,64125,0.261248,0.259369,3422.74,1438.33,0.0,0.0,66405.56,0.2462
20260828,2610,64250,0.260271,0.258428,3317.2,1478.57,0.0,0.0,66405.56,0.2462
20260828,2610,64375,0.25978,0.257376,3268.46,1518.82,0.0,0.0,66405.56,0.2462
20260828,2610,64500,0.259172,0.257396,3150.2,1561.57,0.0,1785.0,66405.56,0.2462
20260828,2610,64625,0.25786,0.255529,3082.98,1609.32,0.0,0.0,66405.56,0.2462
20260828,2610,64750,0.25644,0.254727,2993.23,1649.57,3255.0,1625.0,66405.56,0.2462
20260828,2610,64875,0.257809,0.256127,2948.95,1679.82,0.0,0.0,66405.56,0.2462
20260828,2610,65000,0.256734,0.254504,2836.25,1737.59,0.0,1755.0,66405.56,0.2462
20260828,2610,65125,0.254972,0.252772,2797.29,1775.35,0.0,0.0,66405.56,0.2462
20260828,2610,65250,0.255385,0.252715,2679.3,1825.62,0.0,0.0,66405.56,0.2462
20260828,2610,65375,0.255102,0.252493,2619.58,1880.89,0.0,0.0,66405.56,0.2462
20260828,2610,65500,0.252998,0.250883,2549.85,1941.16,0.0,1965.0,66405.56,0.2462
20260828,2610,65625,0.253041,0.250952,2487.64,1991.43,0.0,0.0,66405.56,0.2462
20260828,2610,65750,0.252397,0.250333,2412.91,2046.7,2640.0,0.0,66405.56,0.2462
20260828,2610,65875,0.25107,0.249029,2340.69,2101.98,0.0,0.0,66405.56,0.2462
20260828,2610,66000,0.250185,0.249288,2275.97,2169.76,2480.0,2160.0,66405.56,0.2462
20260828,2610,66125,0.251418,0.249421,2216.25,2222.54,0.0,0.0,66405.56,0.2462
20260828,2610,66250,0.249727,0.247751,2139.04,2282.82,2235.0,0.0,66405.56,0.2462
20260828,2610,66375,0.249034,0.247077,2081.82,2348.1,2195.0,0.0,66405.56,0.2462
20260828,2610,66500,0.248776,0.246838,2014.6,2413.37,1975.0,2390.0,66405.56,0.2462
20260828,2610,66625,0.247834,0.245913,1957.39,2473.66,0.0,0.0,66405.56,0.2462
20260828,2610,66750,0.247888,0.245423,1897.68,2541.44,1955.0,2565.0,66405.56,0.2462
20260828,2610,66875,0.247819,0.245369,1842.96,2594.23,1980.0,0.0,66405.56,0.2462
20260828,2610,67000,0.246501,0.244627,1785.75,2669.51,1845.0,0.0,66405.56,0.2462
20260828,2610,67125,0.246747,0.244322,1728.53,2742.8,1865.0,0.0,66405.56,0.2462
20260828,2610,67250,0.245739,0.243892,1671.32,2802.58,1785.0,0.0,66405.56,0.2462
20260828,2610,67375,0.245738,0.243109,1621.6,2863.01,0.0,0.0,66405.56,0.2462
20260828,2610,67500,0.244473,0.24322,1564.39,2919.25,1530.0,0.0,66405.56,0.2462
20260828,2610,67625,0.244795,0.242408,1519.66,3019.81,1480.0,0.0,66405.56,0.2462
20260828,2610,67750,0.243845,0.243196,1464.95,3131.13,1630.0,0.0,66405.56,0.2462
20260828,2610,67875,0.243343,0.240966,1422.72,3165.06,1395.0,0.0,66405.56,0.2462
20260828,2610,68000,0.243296,0.242093,1368.01,3277.78,1350.0,0.0,66405.56,0.2462
20260828,2610,68125,0.243715,0.241348,1333.25,3330.28,1455.0,0.0,66405.56,0.2462
20260828,2610,68250,0.242835,0.241062,1281.04,3434.45,1430.0,0.0,66405.56,0.2462
20260828,2610,68375,0.243611,0.241248,1241.31,3495.49,1325.0,0.0,66405.56,0.2462
20260828,2610,68500,0.241871,0.240109,1201.56,3565.95,1350.0,0.0,66405.56,0.2462
20260828,2610,68625,0.243019,0.240654,1169.31,3660.71,0.0,0.0,66405.56,0.2462
20260828,2610,68750,0.242227,0.240474,1122.08,3743.32,0.0,0.0,66405.56,0.2462
20260828,2610,68875,0.243159,0.240791,1079.86,3835.89,0.0,0.0,66405.56,0.2462
20260828,2610,69000,0.240861,0.239112,1045.1,3911.03,1025.0,0.0,66405.56,0.2462
20260828,2610,69125,0.242191,0.240448,1000.38,4011.08,0.0,0.0,66405.56,0.2462
20260828,2610,69250,0.240872,0.239127,970.61,4091.2,1060.0,0.0,66405.56,0.2462
20260828,2610,69375,0.241994,0.239604,947.47,4186.27,0.0,0.0,66405.56,0.2462
20260828,2610,69500,0.241059,0.238658,908.57,4268.88,1050.0,0.0,66405.56,0.2462
20260828,2610,69625,0.241973,0.239568,890.84,4368.93,0.0,0.0,66405.56,0.2462
20260828,2610,69750,0.240776,0.238356,844.04,4454.04,840.0,0.0,66405.56,0.2462
20260828,2610,69875,0.242157,0.239733,831.31,4559.06,0.0,0.0,66405.56,0.2462
20260828,2610,70000,0.24,0.238251,782.01,4646.66,800.0,0.0,66405.56,0.2462
20260828,2610,70125,0.241878,0.23943,766.69,4749.19,0.0,0.0,66405.56,0.2462
20260828,2610,70250,0.240131,0.237661,727.45,4836.79,815.0,0.0,66405.56,0.2462
20260828,2610,70375,0.241834,0.239359,715.11,4944.31,0.0,0.0,66405.56,0.2462
20260828,2610,70500,0.239797,0.237294,675.37,5031.91,715.0,0.0,66405.56,0.2462
20260828,2610,70625,0.240596,0.23881,665.16,5141.9,0.0,0.0,66405.56,0.2462
20260828,2610,70750,0.240494,0.237962,628.26,5234.48,680.0,0.0,66405.56,0.2462
20260828,2610,70875,0.240391,0.238528,615.59,5341.99,0.0,0.0,66405.56,0.2462
20260828,2610,71000,0.239983,0.23741,581.15,5434.58,590.0,0.0,66405.56,0.2462
20260828,2610,71125,0.240503,0.238563,570.98,5547.05,0.0,0.0,66405.56,0.2462
20260828,2610,71250,0.239787,0.23717,539.02,5642.12,610.0,0.0,66405.56,0.2462
20260828,2610,71375,0.240763,0.238132,522.89,5752.11,0.0,0.0,66405.56,0.2462
20260828,2610,71500,0.239964,0.237302,496.89,5849.67,540.0,0.0,66405.56,0.2462
20260828,2610,71625,0.240191,0.238075,486.75,5962.14,0.0,0.0,66405.56,0.2462
20260828,2610,71750,0.240579,0.236978,457.25,6064.67,530.0,0.0,66405.56,0.2462
20260828,2610,71875,0.241186,0.237549,449.61,6174.66,0.0,0.0,66405.56,0.2462
20260828,2610,72000,0.238939,0.236159,424.99,6274.7,425.0,0.0,66405.56,0.2462
20260828,2610,72125,0.24026,0.23651,409.98,6384.69,0.0,0.0,66405.56,0.2462
20260828,2610,72250,0.240561,0.236765,387.9,6494.67,425.0,0.0,66405.56,0.2462
20260828,2610,72500,0.240867,0.236967,360.67,6712.16,390.0,0.0,66405.56,0.2462
20260828,2610,72750,0.240752,0.236731,328.48,6932.12,0.0,0.0,66405.56,0.2462
20260828,2610,73000,0.239338,0.236014,306.22,7154.57,315.0,0.0,66405.56,0.2462
20260828,2610,73250,0.239796,0.235962,280.48,7378.5,305.0,0.0,66405.56,0.2462
20260828,2610,73500,0.240159,0.236715,257.72,7606.41,298.0,0.0,66405.56,0.2462
20260828,2610,73750,0.240119,0.23577,233.97,7834.32,0.0,0.0,66405.56,0.2462
20260828,2610,74000,0.240183,0.235679,214.68,8063.71,241.0,0.0,66405.56,0.2462
20260828,2610,74250,0.240973,0.23663,195.39,8297.56,220.0,0.0,66405.56,0.2462
20260828,2610,74500,0.240201,0.235666,179.08,8527.94,216.0,0.0,66405.56,0.2462
20260828,2610,74750,0.240523,0.235829,163.26,8762.78,0.0,0.0,66405.56,0.2462
20260828,2610,75000,0.2408,0.235574,151.41,8998.12,150.0,0.0,66405.56,0.2462
20260828,2610,75250,0.241415,0.234844,136.08,9235.44,154.0,0.0,66405.56,0.2462
20260828,2610,75500,0.240911,0.235649,125.22,9471.77,152.0,0.0,66405.56,0.2462
20260828,2610,75750,0.241983,0.236131,113.36,9712.05,132.0,0.0,66405.56,0.2462
20260828,2610,76000,0.241902,0.23387,103.0,9950.86,105.0,0.0,66405.56,0.2462
20260828,2610,76250,0.242794,0.235964,95.1,10193.12,123.0,0.0,66405.56,0.2462
20260828,2610,76500,0.243395,0.235201,87.2,10434.89,115.0,0.0,66405.56,0.2462
20260828,2610,77000,0.243583,0.235134,73.39,10917.94,75.0,0.0,66405.56,0.2462
20260828,2610,77500,0.242737,0.233189,60.99,11405.92,61.0,0.0,66405.56,0.2462
20260828,2610,78000,0.245172,0.233166,52.99,11893.91,53.0,0.0,66405.56,0.2462
20260828,2610,78500,0.248327,0.231283,45.74,12386.83,50.0,0.0,66405.56,0.2462
20260828,2610,79000,0.247387,0.233345,37.37,12877.78,52.0,0.0,66405.56,0.2462
20260828,2610,79500,0.251344,0.234415,32.94,13372.68,0.0,0.0,66405.56,0.2462
20260828,2610,80000,0.250506,0.223999,27.0,13866.58,27.0,0.0,66405.56,0.2462
20260828,2610,80500,0.255631,0.23199,25.56,14363.95,0.0,0.0,66405.56,0.2462
20260828,2610,81000,0.255378,0.226513,20.64,14858.34,23.0,0.0,66405.56,0.2462
20260828,2610,81500,0.261267,0.212987,20.15,15357.18,0.0,0.0,66405.56,0.2462
20260828,2610,82000,0.262713,0.222776,17.2,15853.55,0.0,0.0,66405.56,0.2462
20260828,2610,82500,0.261082,0.01,13.27,16348.94,15.0,0.0,66405.56,0.2462
20260828,2610,83000,0.265143,0.01,12.35,16847.28,14.0,0.0,66405.56,0.2462
20260828,2610,83500,0.264501,0.01,9.82,17344.14,0.0,0.0,66405.56,0.2462
20260828,2610,84000,0.267939,0.01,9.23,17842.49,9.0,0.0,66405.56,0.2462
20260828,2610,84500,0.26995,0.01,7.85,18340.83,0.0,0.0,66405.56,0.2462
20260828,2610,85000,0.272463,0.01,7.0,18839.17,7.0,0.0,66405.56,0.2462
20260828,2610,87500,0.290311,0.01,4.94,21333.82,5.0,0.0,66405.56,0.2462
20260828,2610,90000,0.297543,0.01,2.47,23827.98,3.0,0.0,66405.56,0.2462
20260828,2610,92500,0.299002,0.01,0.98,26323.13,0.0,0.0,66405.56,0.2462
20260828,2610,95000,0.321104,0.01,1.48,28819.75,2.0,0.0,66405.56,0.2462
20260828,2610,97500,0.341682,0.01,0.98,31316.37,1.0,0.0,66405.56,0.2462
20260828,2610,100000,0.362024,0.01,0.98,33812.99,0.0,0.0,66405.56,0.2462
20260828,2611,20000,0.01,0.876815,46118.47,6.01,0.0,6.0,66405.56,0.2462
20260828,2611,22500,0.01,0.689456,43626.56,1.0,0.0,0.0,66405.56,0.2462
20260828,2611,25000,0.01,0.767114,41134.66,1.0,0.0,12.0,66405.56,0.2462
20260828,2611,26000,0.01,0.731477,40137.89,1.0,0.0,0.0,66405.56,0.2462
20260828,2611,27000,0.01,0.654206,39141.13,1.0,0.0,0.0,66405.56,0.2462
20260828,2611,28000,0.01,0.656151,38144.37,1.0,0.0,0.0,66405.56,0.2462
20260828,2611,29000,0.01,0.623038,37148.6,2.0,0.0,0.0,66405.56,0.2462
20260828,2611,30000,0.01,0.668479,36155.84,6.0,0.0,25.0,66405.56,0.2462
20260828,2611,31000,0.01,0.590295,35162.26,9.18,0.0,0.0,66405.56,0.2462
20260828,2611,32000,0.01,0.580029,34167.88,11.56,0.0,0.0,66405.56,0.2462
20260828,2611,33000,0.01,0.569571,33173.93,14.38,0.0,0.0,66405.56,0.2462
20260828,2611,34000,0.01,0.563294,32180.48,17.68,0.0,0.0,66405.56,0.2462
20260828,2611,35000,0.01,0.582146,31190.04,24.01,0.0,41.0,66405.56,0.2462
20260828,2611,36000,0.01,0.541904,30197.27,28.01,0.0,0.0,66405.56,0.2462
20260828,2611,37000,0.01,0.526116,29203.63,31.13,0.0,0.0,66405.56,0.2462
20260828,2611,38000,0.01,0.551098,28236.26,60.52,0.0,0.0,66405.56,0.2462
20260828,2611,39000,0.01,0.535861,27246.5,67.53,0.0,0.0,66405.56,0.2462
20260828,2611,40000,0.01,0.522071,26257.74,75.53,0.0,0.0,66405.56,0.2462
20260828,2611,41000,0.01,0.506602,25268.99,83.53,0.0,0.0,66405.56,0.2462
20260828,2611,42000,0.01,0.490677,24279.73,91.04,0.0,0.0,66405.56,0.2462
20260828,2611,43000,0.01,0.475858,23293.47,101.54,0.0,103.0,66405.56,0.2462
20260828,2611,44000,0.01,0.465696,22314.21,119.05,0.0,0.0,66405.56,0.2462
20260828,2611,44500,0.320228,0.460029,21824.34,127.56,0.0,0.0,66405.56,0.2462
20260828,2611,44750,0.312803,0.45502,21575.65,128.06,0.0,0.0,66405.56,0.2462
20260828,2611,45000,0.305196,0.44944,21326.96,128.56,0.0,0.0,66405.56,0.2462
20260828,2611,45250,0.330235,0.448991,21086.27,137.06,0.0,0.0,66405.56,0.2462
20260828,2611,45500,0.334913,0.443962,20838.58,138.56,0.0,0.0,66405.56,0.2462
20260828,2611,45750,0.338171,0.44162,20594.89,144.07,0.0,0.0,66405.56,0.2462
20260828,2611,46000,0.340409,0.437618,20348.71,147.07,0.0,0.0,66405.56,0.2462
20260828,2611,46250,0.341871,0.435104,20105.52,153.07,0.0,0.0,66405.56,0.2462
20260828,2611,46500,0.34272,0.431512,19860.33,157.07,0.0,0.0,66405.56,0.2462
20260828,2611,46750,0.337093,0.426434,19612.14,158.07,0.0,0.0,66405.56,0.2462
20260828,2611,47000,0.337488,0.422789,19366.95,162.08,0.0,0.0,66405.56,0.2462
20260828,2611,47250,0.347369,0.423184,19129.77,174.08,0.0,0.0,66405.56,0.2462
20260828,2611,47500,0.34185,0.418048,18881.58,175.08,0.0,0.0,66405.56,0.2462
20260828,2611,47750,0.340855,0.414223,18636.39,179.09,0.0,0.0,66405.56,0.2462
20260828,2611,48000,0.343649,0.411204,18392.7,184.59,0.0,0.0,66405.56,0.2462
20260828,2611,48250,0.342007,0.40811,18149.51,190.59,0.0,0.0,66405.56,0.2462
20260828,2611,48500,0.340196,0.404944,17906.32,196.6,0.0,195.0,66405.56,0.2462
20260828,2611,48750,0.341572,0.401324,17662.14,201.6,0.0,0.0,66405.56,0.2462
20260828,2611,49000,0.339329,0.398036,17418.95,207.6,0.0,0.0,66405.56,0.2462
20260828,2611,49250,0.339942,0.392089,17180.27,211.99,0.0,212.0,66405.56,0.2462
20260828,2611,49500,0.337361,0.392702,16935.58,222.61,0.0,0.0,66405.56,0.2462
20260828,2611,49750,0.339982,0.391946,16700.89,237.12,0.0,0.0,66405.56,0.2462
20260828,2611,50000,0.337042,0.386318,16451.21,236.62,0.0,0.0,66405.56,0.2462
20260828,2611,50250,0.33642,0.383677,16211.02,245.62,0.0,0.0,66405.56,0.2462
20260828,2611,50500,0.337758,0.378055,15977.33,252.0,0.0,252.0,66405.56,0.2462
20260828,2611,50750,0.332251,0.377792,15729.15,262.13,0.0,0.0,66405.56,0.2462
20260828,2611,51000,0.333075,0.376072,15492.46,274.64,0.0,0.0,66405.56,0.2462
20260828,2611,51250,0.329569,0.37187,15248.28,279.64,0.0,0.0,66405.56,0.2462
20260828,2611,51500,0.32983,0.371325,15012.09,292.65,0.0,0.0,66405.56,0.2462
20260828,2611,51750,0.326136,0.366996,14767.9,297.65,0.0,0.0,66405.56,0.2462
20260828,2611,52000,0.325922,0.363986,14531.22,310.16,0.0,0.0,66405.56,0.2462
20260828,2611,52250,0.323748,0.360891,14289.54,317.67,0.0,0.0,66405.56,0.2462
20260828,2611,52500,0.323046,0.358981,14055.35,332.67,0.0,0.0,66405.56,0.2462
20260828,2611,52750,0.322093,0.356921,13821.17,347.68,0.0,0.0,66405.56,0.2462
20260828,2611,53000,0.319443,0.353529,13581.99,357.69,0.0,390.0,66405.56,0.2462
20260828,2611,53250,0.316687,0.348897,13340.3,365.19,0.0,0.0,66405.56,0.2462
20260828,2611,53500,0.315212,0.346535,13106.12,380.2,0.0,0.0,66405.56,0.2462
20260828,2611,53750,0.316171,0.346248,12879.44,402.71,0.0,0.0,66405.56,0.2462
20260828,2611,54000,0.31298,0.342512,12640.25,412.72,0.0,0.0,66405.56,0.2462
20260828,2611,54250,0.312151,0.340799,12408.57,430.23,0.0,0.0,66405.56,0.2462
20260828,2611,54500,0.311084,0.338919,12179.39,450.24,0.0,0.0,66405.56,0.2462
20260828,2611,54750,0.308672,0.33492,11942.71,462.75,0.0,0.0,66405.56,0.2462
20260828,2611,55000,0.30722,0.333742,11713.52,482.75,0.0,490.0,66405.56,0.2462
20260828,2611,55250,0.305575,0.330509,11479.34,497.77,0.0,0.0,66405.56,0.2462
20260828,2611,55500,0.303749,0.328092,11250.17,517.78,0.0,0.0,66405.56,0.2462
20260828,2611,55750,0.300767,0.321992,11013.48,523.29,0.0,540.0,66405.56,0.2462
20260828,2611,56000,0.300544,0.323719,10796.81,562.8,0.0,0.0,66405.56,0.2462
20260828,2611,56250,0.297284,0.320061,10560.12,575.31,0.0,0.0,66405.56,0.2462
20260828,2611,56500,0.297502,0.318769,10343.45,607.82,0.0,0.0,66405.56,0.2462
20260828,2611,56750,0.294832,0.315696,10111.77,625.33,0.0,0.0,66405.56,0.2462
20260828,2611,57000,0.293705,0.314058,9895.09,657.85,0.0,680.0,66405.56,0.2462
20260828,2611,57250,0.291548,0.311487,9665.91,677.86,0.0,0.0,66405.56,0.2462
20260828,2611,57500,0.290016,0.308778,9444.24,705.37,0.0,700.0,66405.56,0.2462
20260828,2611,57750,0.288284,0.307366,9227.56,737.89,0.0,0.0,66405.56,0.2462
20260828,2611,58000,0.287103,0.30506,9008.39,767.91,0.0,0.0,66405.56,0.2462
20260828,2611,58250,0.284983,0.302598,8786.71,795.42,0.0,0.0,66405.56,0.2462
20260828,2611,58500,0.284781,0.301971,8585.04,820.23,0.0,820.0,66405.56,0.2462
20260828,2611,58750,0.281596,0.297875,8355.87,862.96,0.0,855.0,66405.56,0.2462
20260828,2611,59000,0.281585,0.297488,8154.19,910.48,0.0,0.0,66405.56,0.2462
20260828,2611,59250,0.280006,0.29623,7947.52,952.99,0.0,960.0,66405.56,0.2462
20260828,2611,59500,0.27822,0.293557,7733.35,988.02,0.0,0.0,66405.56,0.2462
20260828,2611,59750,0.277452,0.292494,7531.68,1038.7,0.0,0.0,66405.56,0.2462
20260828,2611,60000,0.275843,0.290058,7327.51,1076.43,0.0,0.0,66405.56,0.2462
20260828,2611,60250,0.274024,0.28858,7120.84,1136.71,0.0,0.0,66405.56,0.2462
20260828,2611,60500,0.272569,0.286892,6921.67,1159.72,0.0,0.0,66405.56,0.2462
20260828,2611,60750,0.272546,0.286616,6735.01,1234.72,0.0,0.0,66405.56,0.2462
20260828,2611,61000,0.270623,0.284498,6535.84,1292.5,0.0,1305.0,66405.56,0.2462
20260828,2611,61250,0.269551,0.283226,6344.18,1350.28,0.0,0.0,66405.56,0.2462
20260828,2611,61500,0.267722,0.280714,6147.51,1403.06,0.0,0.0,66405.56,0.2462
20260828,2611,61750,0.266188,0.27902,5955.84,1480.89,0.0,0.0,66405.56,0.2462
20260828,2611,62000,0.265422,0.278094,5774.18,1543.69,0.0,1515.0,66405.56,0.2462
20260828,2611,62250,0.263913,0.276447,5590.02,1611.5,0.0,0.0,66405.56,0.2462
20260828,2611,62375,0.263314,0.275781,5497.93,1638.74,0.0,0.0,66405.56,0.2462
20260828,2611,62500,0.262653,0.275057,5408.36,1678.86,0.0,0.0,66405.56,0.2462
20260828,2611,62625,0.261933,0.273805,5316.28,1706.46,0.0,0.0,66405.56,0.2462
20260828,2611,62750,0.261153,0.273439,5226.69,1734.62,0.0,0.0,66405.56,0.2462
20260828,2611,62875,0.260782,0.272547,5139.61,1774.79,0.0,0.0,66405.56,0.2462
20260828,2611,63000,0.261738,0.273442,5067.53,1824.97,0.0,0.0,66405.56,0.2462
20260828,2611,63125,0.259846,0.271512,4967.95,1855.14,0.0,0.0,66405.56,0.2462
20260828,2611,63250,0.259739,0.271358,4888.37,1900.31,0.0,0.0,66405.56,0.2462
20260828,2611,63375,0.259109,0.270432,4801.29,1962.17,0.0,0.0,66405.56,0.2462
20260828,2611,63500,0.258869,0.270406,4721.72,1978.16,0.0,0.0,66405.56,0.2462
20260828,2611,63625,0.258561,0.27006,4642.14,2027.4,0.0,0.0,66405.56,0.2462
20260828,2611,63750,0.258187,0.269209,4557.56,2071.02,0.0,0.0,66405.56,0.2462
20260828,2611,63875,0.257304,0.268299,4472.97,2074.74,0.0,0.0,66405.56,0.2462
20260828,2611,64000,0.255043,0.266017,4373.4,2166.11,0.0,0.0,66405.56,0.2462
20260828,2611,64125,0.253173,0.264128,4276.31,2196.56,0.0,2175.0,66405.56,0.2462
20260828,2611,64250,0.256912,0.267833,4246.73,2239.31,0.0,0.0,66405.56,0.2462
20260828,2611,64375,0.255347,0.266252,4157.15,2291.99,0.0,0.0,66405.56,0.2462
20260828,2611,64500,0.25545,0.264619,4085.06,2329.61,0.0,0.0,66405.56,0.2462
20260828,2611,64625,0.256341,0.264217,4025.5,2379.81,0.0,0.0,66405.56,0.2462
20260828,2611,64750,0.255874,0.263326,3945.91,2424.99,0.0,0.0,66405.56,0.2462
20260828,2611,64875,0.254917,0.262799,3866.34,2475.18,0.0,0.0,66405.56,0.2462
20260828,2611,65000,0.254323,0.262634,3791.76,2530.37,0.0,0.0,66405.56,0.2462
20260828,2611,65125,0.253664,0.262402,3717.18,2585.58,0.0,0.0,66405.56,0.2462
20260828,2611,65250,0.253361,0.261686,3642.59,2635.77,0.0,0.0,66405.56,0.2462
20260828,2611,65375,0.252573,0.261326,3568.03,2690.97,0.0,0.0,66405.56,0.2462
20260828,2611,65500,0.253394,0.260903,3513.44,2746.16,0.0,0.0,66405.56,0.2462
20260828,2611,65625,0.252473,0.260415,3438.85,2801.35,0.0,0.0,66405.56,0.2462
20260828,2611,65750,0.251905,0.26028,3369.29,2861.55,0.0,0.0,66405.56,0.2462
20260828,2611,65875,0.252519,0.259664,3247.1,2916.76,0.0,0.0,66405.56,0.2462
20260828,2611,66000,0.251818,0.258985,3188.16,2971.95,0.0,0.0,66405.56,0.2462
20260828,2611,66125,0.251466,0.258657,3123.37,3032.15,0.0,0.0,66405.56,0.2462
20260828,2611,66250,0.251047,0.258264,3061.07,3092.36,0.0,0.0,66405.56,0.2462
20260828,2611,66375,0.250563,0.25822,2993.77,3157.55,0.0,0.0,66405.56,0.2462
20260828,2611,66500,0.250838,0.257698,2926.48,3217.76,0.0,0.0,66405.56,0.2462
20260828,2611,66625,0.248981,0.257112,2861.69,3277.96,0.0,0.0,66405.56,0.2462
20260828,2611,66750,0.24871,0.256461,2801.9,3338.17,0.0,0.0,66405.56,0.2462
20260828,2611,66875,0.249612,0.256571,2747.1,3408.36,0.0,0.0,66405.56,0.2462
20260828,2611,67000,0.248381,0.256204,2682.31,3473.57,0.0,0.0,66405.56,0.2462
20260828,2611,67125,0.248323,0.25453,2622.51,3523.78,0.0,0.0,66405.56,0.2462
20260828,2611,67250,0.247785,0.25486,2567.72,3598.97,0.0,0.0,66405.56,0.2462
20260828,2611,67375,0.247593,0.254296,2507.92,3664.17,0.0,0.0,66405.56,0.2462
20260828,2611,67500,0.247336,0.257819,2453.12,3742.92,0.0,0.0,66405.56,0.2462
20260828,2611,67625,0.246595,0.25713,2398.33,3794.61,0.0,0.0,66405.56,0.2462
20260828,2611,67750,0.246619,0.256793,2343.54,3864.21,0.0,0.0,66405.56,0.2462
20260828,2611,67875,0.246579,0.257227,2291.24,3938.83,0.0,0.0,66405.56,0.2462
20260828,2611,68000,0.246053,0.256763,2236.45,4008.45,0.0,0.0,66405.56,0.2462
20260828,2611,68125,0.2463,0.257073,2189.15,4088.04,0.0,0.0,66405.56,0.2462
20260828,2611,68250,0.24564,0.256481,2139.35,4157.67,0.0,0.0,66405.56,0.2462
20260828,2611,68375,0.245757,0.256245,2087.05,4234.79,0.0,0.0,66405.56,0.2462
20260828,2611,68500,0.245385,0.256369,2039.76,4311.9,0.0,0.0,66405.56,0.2462
20260828,2611,68625,0.244946,0.255582,1989.96,4381.51,0.0,0.0,66405.56,0.2462
20260828,2611,68750,0.244867,0.255581,1945.16,4461.13,0.0,0.0,66405.56,0.2462
20260828,2611,68875,0.24497,0.255947,1897.86,4545.74,0.0,0.0,66405.56,0.2462
20260828,2611,69000,0.244515,0.255394,1865.53,4620.35,0.0,0.0,66405.56,0.2462
20260828,2611,69125,0.243369,0.254343,1797.05,4687.46,0.0,0.0,66405.56,0.2462
20260828,2611,69250,0.243981,0.255393,1760.95,4782.08,0.0,0.0,66405.56,0.2462
20260828,2611,69375,0.243928,0.255082,1721.14,4861.68,0.0,0.0,66405.56,0.2462
20260828,2611,69500,0.243571,0.255146,1676.33,4943.8,0.0,0.0,66405.56,0.2462
20260828,2611,69625,0.243353,0.25471,1639.02,5025.91,0.0,0.0,66405.56,0.2462
20260828,2611,69750,0.243567,0.254651,1599.2,5110.53,0.0,0.0,66405.56,0.2462
20260828,2611,69875,0.243358,0.254533,1559.4,5195.14,0.0,0.0,66405.56,0.2462
20260828,2611,70000,0.243121,0.254802,1504.63,5282.24,0.0,0.0,66405.56,0.2462
20260828,2611,70125,0.242971,0.254562,1482.28,5366.86,0.0,0.0,66405.56,0.2462
20260828,2611,70250,0.242793,0.254715,1444.95,5453.97,0.0,0.0,66405.56,0.2462
20260828,2611,70375,0.242551,0.254811,1407.64,5543.57,0.0,0.0,66405.56,0.2462
20260828,2611,70500,0.243148,0.254849,1372.82,5635.69,0.0,0.0,66405.56,0.2462
20260828,2611,70625,0.242527,0.254364,1323.55,5720.3,0.0,0.0,66405.56,0.2462
20260828,2611,70750,0.24231,0.254281,1305.67,5809.91,0.0,0.0,66405.56,0.2462
20260828,2611,70875,0.242508,0.25461,1280.82,5902.02,0.0,0.0,66405.56,0.2462
20260828,2611,71000,0.242163,0.25441,1226.06,5991.63,0.0,0.0,66405.56,0.2462
20260828,2611,71125,0.242728,0.254629,1194.02,6088.74,0.0,0.0,66405.56,0.2462
20260828,2611,71250,0.242257,0.254793,1161.4,6180.85,0.0,0.0,66405.56,0.2462
20260828,2611,71375,0.242116,0.254902,1149.02,6272.97,0.0,0.0,66405.56,0.2462
20260828,2611,71500,0.242108,0.254464,1101.87,6365.07,0.0,0.0,66405.56,0.2462
20260828,2611,71625,0.241941,0.254953,1074.39,6462.18,0.0,0.0,66405.56,0.2462
20260828,2611,71750,0.24171,0.254392,1049.55,6554.29,0.0,0.0,66405.56,0.2462
20260828,2611,71875,0.241413,0.254269,1022.18,6648.9,0.0,0.0,66405.56,0.2462
20260828,2611,72000,0.242342,0.255617,1012.3,6756.01,0.0,0.0,66405.56,0.2462
20260828,2611,72125,0.241682,0.254875,1006.82,6845.62,0.0,0.0,66405.56,0.2462
20260828,2611,72250,0.242267,0.255622,989.33,6952.72,0.0,0.0,66405.56,0.2462
20260828,2611,72500,0.242749,0.256461,939.36,7151.94,0.0,0.0,66405.56,0.2462
20260828,2611,72750,0.242455,0.256568,889.39,7351.16,0.0,0.0,66405.56,0.2462
20260828,2611,73000,0.241909,0.255905,836.91,7547.88,0.0,0.0,66405.56,0.2462
20260828,2611,73250,0.241098,0.255554,786.94,7747.09,0.0,0.0,66405.56,0.2462
20260828,2611,73500,0.241224,0.256125,746.96,7956.31,0.0,0.0,66405.56,0.2462
20260828,2611,73750,0.241124,0.256504,706.98,8165.52,760.0,0.0,66405.56,0.2462
20260828,2611,74000,0.241428,0.25729,672.0,8379.73,0.0,0.0,66405.56,0.2462
20260828,2611,74250,0.241519,0.257899,634.53,8591.45,0.0,0.0,66405.56,0.2462
20260828,2611,74500,0.240704,0.25769,594.55,8800.66,0.0,0.0,66405.56,0.2462
20260828,2611,74750,0.241018,0.25791,562.07,9017.37,0.0,0.0,66405.56,0.2462
20260828,2611,75000,0.242571,0.259936,539.58,9244.07,0.0,0.0,66405.56,0.2462
20260828,2611,75250,0.241761,0.259806,504.6,9458.29,0.0,0.0,66405.56,0.2462
20260828,2611,75500,0.241443,0.260166,474.63,9677.5,0.0,0.0,66405.56,0.2462
20260828,2611,75750,0.241681,0.261063,447.14,9899.2,0.0,0.0,66405.56,0.2462
20260828,2611,76000,0.243361,0.263281,434.65,10135.91,0.0,0.0,66405.56,0.2462
20260828,2611,76250,0.24153,0.262391,397.17,10347.62,0.0,0.0,66405.56,0.2462
20260828,2611,76500,0.242002,0.262811,374.69,10574.33,445.0,0.0,66405.56,0.2462
20260828,2611,77000,0.243337,0.265595,339.72,11037.73,0.0,0.0,66405.56,0.2462
20260828,2611,77500,0.242562,0.267045,298.74,11495.14,0.0,0.0,66405.56,0.2462
20260828,2611,78000,0.242775,0.26881,255.33,11959.55,0.0,0.0,66405.56,0.2462
20260828,2611,78500,0.244073,0.270994,239.29,12432.45,0.0,0.0,66405.56,0.2462
20260828,2611,79000,0.243962,0.273712,210.31,12901.85,0.0,0.0,66405.56,0.2462
20260828,2611,79500,0.245234,0.276029,189.32,13379.25,0.0,0.0,66405.56,0.2462
20260828,2611,80000,0.244067,0.277921,162.35,13850.65,0.0,0.0,66405.56,0.2462
20260828,2611,82500,0.248857,0.294242,92.9,16273.12,0.0,0.0,66405.56,0.2462
20260828,2611,85000,0.253066,0.311767,51.94,18724.06,0.0,0.0,66405.56,0.2462
20260828,2611,87500,0.27683,0.339434,50.95,21214.98,0.0,0.0,66405.56,0.2462
20260828,2611,90000,0.26347,0.353889,17.48,23673.41,18.0,0.0,66405.56,0.2462
20260828,2611,92500,0.281979,0.378339,15.98,26163.82,0.0,0.0,66405.56,0.2462
20260828,2611,95000,0.297304,0.401708,13.98,28653.73,0.0,0.0,66405.56,0.2462
20260828,2611,97500,0.311037,0.424086,11.98,31143.64,0.0,0.0,66405.56,0.2462
20260828,2611,100000,0.323017,0.44555,9.99,33633.55,0.0,0.0,66405.56,0.2462
