report_date,session,contract,put_call,strike,rank,participant_code,participant_en,participant_jp,volume
20260928,day,2610,Put,64875,1,11714,JPMorgan Securities Japan,ＪＰモルガン証券,1
20260928,day,2610,Put,64875,1,12479,ABN AMRO Clearing Tokyo,ＡＢＮクリアリン証券,1
20260928,day,2610,Put,65000,1,12479,ABN AMRO Clearing Tokyo,ＡＢＮクリアリン証券,109
20260928,day,2610,Put,65000,2,11746,UBS Securities Japan,ＵＢＳ証券,25
20260928,day,2610,Put,65000,3,12057,Rakuten Securities,楽天証券,22
20260928,day,2610,Put,65000,4,11256,SBI SECURITIES,ＳＢＩ証券,20
20260928,day,2610,Put,65000,5,12560,MATSUI SECURITIES,松井証券,7
20260928,day,2610,Put,65000,6,11060,Mitsubishi UFJ eSmart Securities,三菱ＵＦＪｅスマート,6
20260928,day,2610,Put,65000,7,12428,BNP Paribas Securities(Japan)Limited,ＢＮＰパリバ証券,4
20260928,day,2610,Put,65000,8,11788,Societe Generale Securities Japan,ソシエテＧ証券,2
20260928,day,2610,Put,65000,9,11272,OKASAN SECURITIES,岡三証券,1
20260928,day,2610,Put,65000,9,12288,PhillipCapital Japan,フィリップ・キャ証券,1
20260928,day,2610,Put,65000,9,12330,Monex,マネックス証券,1
20260928,day,2610,Put,65250,1,12479,ABN AMRO Clearing Tokyo,ＡＢＮクリアリン証券,13
20260928,day,2610,Put,65250,2,12428,BNP Paribas Securities(Japan)Limited,ＢＮＰパリバ証券,3
20260928,day,2610,Put,65375,1,11714,JPMorgan Securities Japan,ＪＰモルガン証券,1
20260928,day,2610,Put,65375,1,12479,ABN AMRO Clearing Tokyo,ＡＢＮクリアリン証券,1
20260928,day,2610,Put,65500,1,12479,ABN AMRO Clearing Tokyo,ＡＢＮクリアリン証券,15
20260928,day,2610,Put,65500,2,11256,SBI SECURITIES,ＳＢＩ証券,10
20260928,day,2610,Put,65500,3,11788,Societe Generale Securities Japan,ソシエテＧ証券,9
20260928,day,2610,Put,65500,4,12560,MATSUI SECURITIES,松井証券,2
20260928,day,2610,Put,65750,1,12479,ABN AMRO Clearing Tokyo,ＡＢＮクリアリン証券,3
20260928,day,2610,Put,65750,2,11714,JPMorgan Securities Japan,ＪＰモルガン証券,1
20260928,day,2610,Put,66000,1,12479,ABN AMRO Clearing Tokyo,ＡＢＮクリアリン証券,46
20260928,day,2610,Put,66000,2,11256,SBI SECURITIES,ＳＢＩ証券,12
20260928,day,2610,Put,66000,2,11714,JPMorgan Securities Japan,ＪＰモルガン証券,12
20260928,day,2610,Put,66000,4,11788,Societe Generale Securities Japan,ソシエテＧ証券,8
20260928,day,2610,Put,66000,5,12057,Rakuten Securities,楽天証券,6
20260928,day,2610,Put,66000,6,12560,MATSUI SECURITIES,松井証券,5
20260928,day,2610,Put,66000,6,12792,BofA Securities Japan,ビーオブエー証券,5
20260928,day,2610,Put,66000,8,11060,Mitsubishi UFJ eSmart Securities,三菱ＵＦＪｅスマート,3
20260928,day,2610,Put,66000,9,11746,UBS Securities Japan,ＵＢＳ証券,2
20260928,day,2610,Put,66000,10,12288,PhillipCapital Japan,フィリップ・キャ証券,1
20260928,day,2610,Call,66875,1,12479,ABN AMRO Clearing Tokyo,ＡＢＮクリアリン証券,4
20260928,day,2610,Call,66875,2,11256,SBI SECURITIES,ＳＢＩ証券,1
20260928,day,2610,Call,66875,2,12560,MATSUI SECURITIES,松井証券,1
20260928,day,2610,Call,66750,1,12479,ABN AMRO Clearing Tokyo,ＡＢＮクリアリン証券,3
20260928,day,2610,Call,66750,2,11788,Societe Generale Securities Japan,ソシエテＧ証券,2
20260928,day,2610,Call,66750,2,12560,MATSUI SECURITIES,松井証券,2
20260928,day,2610,Call,66750,4,12800,Morgan Stanley MUFG Securities,モルガンＭＵＦＧ証券,1
20260928,day,2610,Call,66500,1,12479,ABN AMRO Clearing Tokyo,ＡＢＮクリアリン証券,19
20260928,day,2610,Call,66500,2,12057,Rakuten Securities,楽天証券,3
20260928,day,2610,Call,66500,2,12428,BNP Paribas Securities(Japan)Limited,ＢＮＰパリバ証券,3
20260928,day,2610,Call,66500,4,12800,Morgan Stanley MUFG Securities,モルガンＭＵＦＧ証券,2
20260928,day,2610,Call,66500,5,11060,Mitsubishi UFJ eSmart Securities,三菱ＵＦＪｅスマート,1
20260928,day,2610,Call,66500,5,11788,Societe Generale Securities Japan,ソシエテＧ証券,1
20260928,day,2610,Call,66500,5,12795,Interactive Brokers Securities Japan,インタラクティブ証券,1
20260928,day,2610,Call,66000,1,12479,ABN AMRO Clearing Tokyo,ＡＢＮクリアリン証券,41
20260928,day,2610,Call,66000,2,12057,Rakuten Securities,楽天証券,9
20260928,day,2610,Call,66000,3,11256,SBI SECURITIES,ＳＢＩ証券,5
20260928,day,2610,Call,66000,3,12428,BNP Paribas Securities(Japan)Limited,ＢＮＰパリバ証券,5
20260928,day,2610,Call,66000,3,12560,MATSUI SECURITIES,松井証券,5
20260928,day,2610,Call,66000,6,11788,Societe Generale Securities Japan,ソシエテＧ証券,3
20260928,day,2610,Call,66000,7,12288,PhillipCapital Japan,フィリップ・キャ証券,1
20260928,day,2610,Call,66000,7,12330,Monex,マネックス証券,1
20260928,day,2610,Call,65750,1,12479,ABN AMRO Clearing Tokyo,ＡＢＮクリアリン証券,1
20260928,day,2610,Call,65750,1,12560,MATSUI SECURITIES,松井証券,1
20260928,night,2610,Put,65000,1,12479,ABN AMRO Clearing Tokyo,ＡＢＮクリアリン証券,66
20260928,night,2610,Put,65000,2,12792,BofA Securities Japan,ビーオブエー証券,22
20260928,night,2610,Put,65000,3,12400,The Nomura Securities,野村証券,20
20260928,night,2610,Put,65000,4,12057,Rakuten Securities,楽天証券,14
20260928,night,2610,Put,65000,5,11788,Societe Generale Securities Japan,ソシエテＧ証券,10
20260928,night,2610,Put,65000,6,11256,SBI SECURITIES,ＳＢＩ証券,6
20260928,night,2610,Put,65000,6,12428,BNP Paribas Securities(Japan)Limited,ＢＮＰパリバ証券,6
20260928,night,2610,Put,65000,8,12560,MATSUI SECURITIES,松井証券,5
20260928,night,2610,Put,65000,9,11060,Mitsubishi UFJ eSmart Securities,三菱ＵＦＪｅスマート,2
20260928,night,2610,Put,65000,10,11714,JPMorgan Securities Japan,ＪＰモルガン証券,1
20260928,night,2610,Put,65500,1,12479,ABN AMRO Clearing Tokyo,ＡＢＮクリアリン証券,15
20260928,night,2610,Put,65500,2,11256,SBI SECURITIES,ＳＢＩ証券,5
20260928,night,2610,Put,65500,2,11714,JPMorgan Securities Japan,ＪＰモルガン証券,5
20260928,night,2610,Put,65500,4,12057,Rakuten Securities,楽天証券,1
20260928,night,2610,Put,65750,1,11788,Societe Generale Securities Japan,ソシエテＧ証券,1
20260928,night,2610,Put,65750,1,12479,ABN AMRO Clearing Tokyo,ＡＢＮクリアリン証券,1
20260928,night,2610,Put,65875,1,11256,SBI SECURITIES,ＳＢＩ証券,1
20260928,night,2610,Put,65875,1,12479,ABN AMRO Clearing Tokyo,ＡＢＮクリアリン証券,1
20260928,night,2610,Put,66000,1,12479,ABN AMRO Clearing Tokyo,ＡＢＮクリアリン証券,9
20260928,night,2610,Put,66000,2,11714,JPMorgan Securities Japan,ＪＰモルガン証券,6
20260928,night,2610,Put,66000,3,12428,BNP Paribas Securities(Japan)Limited,ＢＮＰパリバ証券,5
20260928,night,2610,Put,66000,4,11256,SBI SECURITIES,ＳＢＩ証券,1
20260928,night,2610,Put,66000,4,12288,PhillipCapital Japan,フィリップ・キャ証券,1
20260928,night,2610,Call,66750,1,11714,JPMorgan Securities Japan,ＪＰモルガン証券,19
20260928,night,2610,Call,66750,2,12479,ABN AMRO Clearing Tokyo,ＡＢＮクリアリン証券,17
20260928,night,2610,Call,66750,3,12428,BNP Paribas Securities(Japan)Limited,ＢＮＰパリバ証券,3
20260928,night,2610,Call,66750,4,12057,Rakuten Securities,楽天証券,1
20260928,night,2610,Call,66500,1,12479,ABN AMRO Clearing Tokyo,ＡＢＮクリアリン証券,13
20260928,night,2610,Call,66500,2,12057,Rakuten Securities,楽天証券,5
20260928,night,2610,Call,66500,3,11256,SBI SECURITIES,ＳＢＩ証券,4
20260928,night,2610,Call,66500,3,12428,BNP Paribas Securities(Japan)Limited,ＢＮＰパリバ証券,4
20260928,night,2610,Call,66250,1,12479,ABN AMRO Clearing Tokyo,ＡＢＮクリアリン証券,3
20260928,night,2610,Call,66250,2,12428,BNP Paribas Securities(Japan)Limited,ＢＮＰパリバ証券,1
20260928,night,2610,Call,66000,1,12479,ABN AMRO Clearing Tokyo,ＡＢＮクリアリン証券,3
20260928,night,2610,Call,66000,2,12057,Rakuten Securities,楽天証券,2
20260928,night,2610,Call,66000,3,11256,SBI SECURITIES,ＳＢＩ証券,1
