report_date,product,put_call,contract,strike,volume,oi,oi_change,oi_prev
20260820,standard,Put,2609,20000,47,1494,47,1447
20260820,standard,Call,2609,30000,0,3750,0,3750
20260820,standard,Put,2609,21000,36,325,36,289
20260820,standard,Call,2609,37000,0,1,0,1
20260820,standard,Put,2609,22000,5,485,5,480
20260820,standard,Call,2609,40000,0,5,0,5
20260820,standard,Put,2609,23000,5,277,5,272
20260820,standard,Call,2609,42000,0,101,0,101
20260820,standard,Put,2609,24000,14,127,-8,135
20260820,standard,Call,2609,42500,0,10,0,10
20260820,standard,Put,2609,25000,0,3958,0,3958
20260820,standard,Call,2609,43000,0,100,0,100
20260820,standard,Put,2609,26000,2,188,2,186
20260820,standard,Call,2609,43500,0,57,0,57
20260820,standard,Put,2609,27000,8,193,8,185
20260820,standard,Call,2609,45000,0,42,0,42
20260820,standard,Put,2609,27250,10,12,1,11
20260820,standard,Call,2609,48000,0,400,0,400
20260820,standard,Put,2609,27500,0,21,0,21
20260820,standard,Call,2609,48500,0,240,0,240
20260820,standard,Put,2609,27750,0,8,0,8
20260820,standard,Call,2609,49000,0,200,0,200
20260820,standard,Put,2609,28000,1,69,1,68
20260820,standard,Call,2609,50000,0,4650,0,4650
20260820,standard,Put,2609,28250,0,1,0,1
20260820,standard,Call,2609,50500,0,50,0,50
20260820,standard,Put,2609,28500,0,8,0,8
20260820,standard,Call,2609,51000,0,141,0,141
20260820,standard,Put,2609,28750,1,66,0,66
20260820,standard,Call,2609,51250,0,210,0,210
20260820,standard,Put,2609,29000,12,59,0,59
20260820,standard,Call,2609,52000,0,350,0,350
20260820,standard,Put,2609,29250,0,3,0,3
20260820,standard,Call,2609,53000,0,1100,0,1100
20260820,standard,Put,2609,29500,3,32,0,32
20260820,standard,Call,2609,53500,0,400,0,400
20260820,standard,Put,2609,29750,4,15,1,14
20260820,standard,Call,2609,53750,0,150,0,150
20260820,standard,Put,2609,30000,45,6345,-13,6358
20260820,standard,Call,2609,54000,0,1056,0,1056
20260820,standard,Put,2609,30500,0,86,0,86
20260820,standard,Call,2609,54250,0,50,0,50
20260820,standard,Put,2609,30750,0,4,0,4
20260820,standard,Call,2609,54500,0,200,0,200
20260820,standard,Put,2609,31000,25,231,-11,242
20260820,standard,Call,2609,54750,0,90,0,90
20260820,standard,Put,2609,31500,1,18,-1,19
20260820,standard,Call,2609,55000,0,660,0,660
20260820,standard,Put,2609,31750,1,14,1,13
20260820,standard,Call,2609,56000,0,1250,0,1250
20260820,standard,Put,2609,32000,28,69,12,57
20260820,standard,Call,2609,56500,0,75,0,75
20260820,standard,Put,2609,32250,0,5,0,5
20260820,standard,Call,2609,57000,0,850,0,850
20260820,standard,Put,2609,32500,0,32,0,32
20260820,standard,Call,2609,57500,0,384,0,384
20260820,standard,Put,2609,32750,0,3,0,3
20260820,standard,Call,2609,58000,0,1101,0,1101
20260820,standard,Put,2609,33000,19,490,2,488
20260820,standard,Call,2609,59000,0,1096,0,1096
20260820,standard,Put,2609,33250,0,1,0,1
20260820,standard,Call,2609,60000,0,786,0,786
20260820,standard,Put,2609,33500,0,8,0,8
20260820,standard,Call,2609,60500,0,750,0,750
20260820,standard,Put,2609,33750,3,5,-1,6
20260820,standard,Call,2609,60750,0,120,0,120
20260820,standard,Put,2609,34000,17,166,0,166
20260820,standard,Call,2609,61000,0,221,0,221
20260820,standard,Put,2609,34250,0,4,0,4
20260820,standard,Call,2609,61250,0,22,0,22
20260820,standard,Put,2609,34500,3,25,3,22
20260820,standard,Call,2609,61500,0,2,0,2
20260820,standard,Put,2609,34750,0,69,0,69
20260820,standard,Call,2609,61875,0,2,0,2
20260820,standard,Put,2609,35000,82,3850,14,3836
20260820,standard,Call,2609,62000,0,2002,0,2002
20260820,standard,Put,2609,35250,0,2,0,2
20260820,standard,Call,2609,62250,0,1,0,1
20260820,standard,Put,2609,35500,0,14,0,14
20260820,standard,Call,2609,62500,0,801,0,801
20260820,standard,Put,2609,35750,1,51,1,50
20260820,standard,Call,2609,63000,1,963,0,963
20260820,standard,Put,2609,36000,14,106,1,105
20260820,standard,Call,2609,63250,0,1,0,1
20260820,standard,Put,2609,36250,0,2,0,2
20260820,standard,Call,2609,63500,0,4,0,4
20260820,standard,Put,2609,36500,1,32,1,31
20260820,standard,Call,2609,64000,0,1685,0,1685
20260820,standard,Put,2609,36750,0,59,0,59
20260820,standard,Call,2609,64250,0,100,0,100
20260820,standard,Put,2609,37000,8,579,-5,584
20260820,standard,Call,2609,64500,0,102,0,102
20260820,standard,Put,2609,37500,0,5,0,5
20260820,standard,Call,2609,64750,0,1,0,1
20260820,standard,Put,2609,37750,0,1,0,1
20260820,standard,Call,2609,65000,633,5380,126,5254
20260820,standard,Put,2609,38000,115,1083,102,981
20260820,standard,Call,2609,65250,0,2,0,2
20260820,standard,Put,2609,38500,1,241,-1,242
20260820,standard,Call,2609,65375,0,1,0,1
20260820,standard,Put,2609,38750,0,11,0,11
20260820,standard,Call,2609,65500,0,170,0,170
20260820,standard,Put,2609,39000,0,299,0,299
20260820,standard,Call,2609,65750,0,2,0,2
20260820,standard,Put,2609,39250,0,165,0,165
20260820,standard,Call,2609,66000,197,1776,150,1626
20260820,standard,Put,2609,39500,6,364,4,360
20260820,standard,Call,2609,66125,0,39,0,39
20260820,standard,Put,2609,39750,0,17,0,17
20260820,standard,Call,2609,66250,2,37,0,37
20260820,standard,Put,2609,40000,106,4718,26,4692
20260820,standard,Call,2609,66500,643,874,110,764
20260820,standard,Put,2609,40250,1,1,1,0
20260820,standard,Call,2609,66625,0,1,0,1
20260820,standard,Put,2609,40500,2,177,0,177
20260820,standard,Call,2609,66750,1005,1010,1002,8
20260820,standard,Put,2609,40750,1,48,0,48
20260820,standard,Call,2609,67000,857,3567,301,3266
20260820,standard,Put,2609,41000,11,946,1,945
20260820,standard,Call,2609,67125,0,1,0,1
20260820,standard,Put,2609,41250,0,1,0,1
20260820,standard,Call,2609,67250,0,3,0,3
20260820,standard,Put,2609,41500,0,22,0,22
20260820,standard,Call,2609,67375,30,29,28,1
20260820,standard,Put,2609,42000,10,2055,-1,2056
20260820,standard,Call,2609,67500,21,2131,-3,2134
20260820,standard,Put,2609,42250,7,21,0,21
20260820,standard,Call,2609,67625,0,31,0,31
20260820,standard,Put,2609,42500,1,30,1,29
20260820,standard,Call,2609,67750,0,479,0,479
20260820,standard,Put,2609,42750,0,17,0,17
20260820,standard,Call,2609,67875,0,36,0,36
20260820,standard,Put,2609,43000,11,1090,-2,1092
20260820,standard,Call,2609,68000,81,2058,-1,2059
20260820,standard,Put,2609,43250,0,60,0,60
20260820,standard,Call,2609,68125,0,39,0,39
20260820,standard,Put,2609,43500,0,783,0,783
20260820,standard,Call,2609,68250,2,20,0,20
20260820,standard,Put,2609,43750,0,14,0,14
20260820,standard,Call,2609,68375,0,5,0,5
20260820,standard,Put,2609,44000,25,1435,1,1434
20260820,standard,Call,2609,68500,24,135,13,122
20260820,standard,Put,2609,44250,0,31,0,31
20260820,standard,Call,2609,68625,1,6,0,6
20260820,standard,Put,2609,44500,0,129,0,129
20260820,standard,Call,2609,68750,5,310,1,309
20260820,standard,Put,2609,44750,0,14,0,14
20260820,standard,Call,2609,68875,1,77,-1,78
20260820,standard,Put,2609,45000,265,2438,4,2434
20260820,standard,Call,2609,69000,162,1697,10,1687
20260820,standard,Put,2609,45250,0,105,0,105
20260820,standard,Call,2609,69125,0,52,0,52
20260820,standard,Put,2609,45500,0,160,0,160
20260820,standard,Call,2609,69250,18,129,14,115
20260820,standard,Put,2609,45750,0,60,0,60
20260820,standard,Call,2609,69500,30,715,-4,719
20260820,standard,Put,2609,46000,44,2120,25,2095
20260820,standard,Call,2609,69625,20,70,20,50
20260820,standard,Put,2609,46250,2,66,-1,67
20260820,standard,Call,2609,69750,63,1454,31,1423
20260820,standard,Put,2609,46500,0,391,0,391
20260820,standard,Call,2609,69875,2,44,0,44
20260820,standard,Put,2609,46750,8,27,0,27
20260820,standard,Call,2609,70000,920,3761,-131,3892
20260820,standard,Put,2609,47000,28,1106,15,1091
20260820,standard,Call,2609,70125,0,1,0,1
20260820,standard,Put,2609,47250,0,124,0,124
20260820,standard,Call,2609,70250,13,633,7,626
20260820,standard,Put,2609,47500,0,1019,0,1019
20260820,standard,Call,2609,70375,1,0,0,0
20260820,standard,Put,2609,47750,1,92,0,92
20260820,standard,Call,2609,70500,26,329,1,328
20260820,standard,Put,2609,48000,41,2870,-9,2879
20260820,standard,Call,2609,70625,0,55,0,55
20260820,standard,Put,2609,48250,1,124,1,123
20260820,standard,Call,2609,70750,4,32,1,31
20260820,standard,Put,2609,48500,0,751,0,751
20260820,standard,Call,2609,70875,2,61,0,61
20260820,standard,Put,2609,48750,0,150,0,150
20260820,standard,Call,2609,71000,523,1899,14,1885
20260820,standard,Put,2609,49000,19,1465,-5,1470
20260820,standard,Call,2609,71125,0,57,0,57
20260820,standard,Put,2609,49250,0,216,0,216
20260820,standard,Call,2609,71250,4,40,0,40
20260820,standard,Put,2609,49500,8,205,1,204
20260820,standard,Call,2609,71375,0,10,0,10
20260820,standard,Put,2609,49750,0,151,0,151
20260820,standard,Call,2609,71500,234,1356,-12,1368
20260820,standard,Put,2609,50000,284,9552,-17,9569
20260820,standard,Call,2609,71625,0,2,0,2
20260820,standard,Put,2609,50250,0,82,0,82
20260820,standard,Call,2609,71750,0,4,0,4
20260820,standard,Put,2609,50500,42,1362,36,1326
20260820,standard,Call,2609,71875,0,1,0,1
20260820,standard,Put,2609,50750,0,174,0,174
20260820,standard,Call,2609,72000,806,2291,-449,2740
20260820,standard,Put,2609,51000,22,1601,4,1597
20260820,standard,Call,2609,72125,0,78,0,78
20260820,standard,Put,2609,51250,3,217,-1,218
20260820,standard,Call,2609,72250,1,40,1,39
20260820,standard,Put,2609,51500,10,246,0,246
20260820,standard,Call,2609,72375,2,12,2,10
20260820,standard,Put,2609,51750,3,53,3,50
20260820,standard,Call,2609,72500,470,1786,-385,2171
20260820,standard,Put,2609,52000,96,2180,30,2150
20260820,standard,Call,2609,72625,1,0,0,0
20260820,standard,Put,2609,52250,5,65,1,64
20260820,standard,Call,2609,72750,200,201,193,8
20260820,standard,Put,2609,52500,58,636,-2,638
20260820,standard,Call,2609,72875,0,34,0,34
20260820,standard,Put,2609,52750,12,40,12,28
20260820,standard,Call,2609,73000,760,2423,7,2416
20260820,standard,Put,2609,53000,533,3125,-166,3291
20260820,standard,Call,2609,73125,0,5,0,5
20260820,standard,Put,2609,53250,2,43,0,43
20260820,standard,Call,2609,73250,1,19,-1,20
20260820,standard,Put,2609,53500,16,1747,3,1744
20260820,standard,Call,2609,73375,0,2,0,2
20260820,standard,Put,2609,53750,2,81,0,81
20260820,standard,Call,2609,73500,35,458,13,445
20260820,standard,Put,2609,54000,59,2615,3,2612
20260820,standard,Call,2609,73625,0,4,0,4
20260820,standard,Put,2609,54250,0,112,0,112
20260820,standard,Call,2609,73750,0,53,0,53
20260820,standard,Put,2609,54500,35,596,15,581
20260820,standard,Call,2609,73875,0,18,0,18
20260820,standard,Put,2609,54750,0,268,0,268
20260820,standard,Call,2609,74000,776,909,-132,1041
20260820,standard,Put,2609,55000,276,4492,64,4428
20260820,standard,Call,2609,74125,0,3,0,3
20260820,standard,Put,2609,55250,10,17,2,15
20260820,standard,Call,2609,74250,0,5,0,5
20260820,standard,Put,2609,55500,7,760,-3,763
20260820,standard,Call,2609,74375,1,1,0,1
20260820,standard,Put,2609,55750,0,20,0,20
20260820,standard,Call,2609,74500,20,168,10,158
20260820,standard,Put,2609,56000,51,1833,3,1830
20260820,standard,Call,2609,74625,0,47,0,47
20260820,standard,Put,2609,56250,0,31,0,31
20260820,standard,Call,2609,74750,0,63,0,63
20260820,standard,Put,2609,56500,24,826,11,815
20260820,standard,Call,2609,74875,0,3,0,3
20260820,standard,Put,2609,56750,8,97,-4,101
20260820,standard,Call,2609,75000,659,2924,-166,3090
20260820,standard,Put,2609,57000,106,3013,17,2996
20260820,standard,Call,2609,75125,1,1,1,0
20260820,standard,Put,2609,57250,0,51,0,51
20260820,standard,Call,2609,75250,1,34,0,34
20260820,standard,Put,2609,57500,22,488,-6,494
20260820,standard,Call,2609,75375,0,1,0,1
20260820,standard,Put,2609,57750,1,102,0,102
20260820,standard,Call,2609,75500,22,160,5,155
20260820,standard,Put,2609,58000,171,2356,3,2353
20260820,standard,Call,2609,76000,200,526,24,502
20260820,standard,Put,2609,58250,8,218,1,217
20260820,standard,Call,2609,76500,6,46,-2,48
20260820,standard,Put,2609,58500,475,1687,111,1576
20260820,standard,Call,2609,77000,105,727,5,722
20260820,standard,Put,2609,58625,0,2,0,2
20260820,standard,Call,2609,77500,1,977,-1,978
20260820,standard,Put,2609,58750,2,99,2,97
20260820,standard,Call,2609,78000,869,2274,-53,2327
20260820,standard,Put,2609,58875,2,6,-2,8
20260820,standard,Call,2609,78500,13,54,5,49
20260820,standard,Put,2609,59000,71,3520,3,3517
20260820,standard,Call,2609,79000,100,214,-2,216
20260820,standard,Put,2609,59125,0,18,0,18
20260820,standard,Call,2609,79500,11,219,-1,220
20260820,standard,Put,2609,59250,7,112,7,105
20260820,standard,Call,2609,80000,384,1841,68,1773
20260820,standard,Put,2609,59375,0,15,0,15
20260820,standard,Call,2609,80500,13,35,-1,36
20260820,standard,Put,2609,59500,231,888,5,883
20260820,standard,Call,2609,81000,69,400,-32,432
20260820,standard,Put,2609,59625,0,1,0,1
20260820,standard,Call,2609,81500,2,64,0,64
20260820,standard,Put,2609,59750,5,50,-1,51
20260820,standard,Call,2609,82000,66,385,-35,420
20260820,standard,Put,2609,59875,0,19,0,19
20260820,standard,Call,2609,82500,31,65,31,34
20260820,standard,Put,2609,60000,1715,10523,299,10224
20260820,standard,Call,2609,83000,30,495,-17,512
20260820,standard,Put,2609,60250,16,83,12,71
20260820,standard,Call,2609,83500,2,10,0,10
20260820,standard,Put,2609,60375,3,3,1,2
20260820,standard,Call,2609,84000,94,1000,20,980
20260820,standard,Put,2609,60500,209,1085,4,1081
20260820,standard,Call,2609,84500,5,30,-5,35
20260820,standard,Put,2609,60625,0,1,0,1
20260820,standard,Call,2609,85000,46,1517,27,1490
20260820,standard,Put,2609,60750,7,147,0,147
20260820,standard,Call,2609,87500,213,345,-100,445
20260820,standard,Put,2609,60875,3,67,0,67
20260820,standard,Call,2609,90000,133,661,113,548
20260820,standard,Put,2609,61000,326,2499,5,2494
20260820,standard,Call,2609,92000,0,56,0,56
20260820,standard,Put,2609,61125,1,42,0,42
20260820,standard,Call,2609,94000,0,17,0,17
20260820,standard,Put,2609,61250,0,6,0,6
20260820,standard,Call,2609,95000,0,43,0,43
20260820,standard,Put,2609,61375,6,2,2,0
20260820,standard,Call,2609,96000,0,20,0,20
20260820,standard,Put,2609,61500,250,1552,0,1552
20260820,standard,Call,2609,98000,0,15,0,15
20260820,standard,Put,2609,61625,0,16,0,16
20260820,standard,Call,2609,100000,0,89,0,89
20260820,standard,Put,2609,61750,0,246,0,246
20260820,standard,Put,2609,61875,0,57,0,57
20260820,standard,Put,2609,62000,113,2969,-20,2989
20260820,standard,Call,2610,35000,0,20,0,20
20260820,standard,Put,2609,62125,0,11,0,11
20260820,standard,Call,2610,45000,0,2,0,2
20260820,standard,Put,2609,62250,1,91,0,91
20260820,standard,Call,2610,47500,0,34,0,34
20260820,standard,Put,2609,62375,0,219,0,219
20260820,standard,Call,2610,53000,0,34,0,34
20260820,standard,Put,2609,62500,23,869,8,861
20260820,standard,Call,2610,55000,0,4,0,4
20260820,standard,Put,2609,62625,67,76,66,10
20260820,standard,Call,2610,57000,0,1,0,1
20260820,standard,Put,2609,62750,21,728,20,708
20260820,standard,Call,2610,58000,0,1,0,1
20260820,standard,Put,2609,62875,0,1,0,1
20260820,standard,Call,2610,60000,0,1,0,1
20260820,standard,Put,2609,63000,191,3764,3,3761
20260820,standard,Call,2610,60500,0,100,0,100
20260820,standard,Put,2609,63125,0,73,0,73
20260820,standard,Call,2610,61000,0,201,0,201
20260820,standard,Put,2609,63250,2,47,0,47
20260820,standard,Call,2610,62000,0,29,0,29
20260820,standard,Put,2609,63375,0,57,0,57
20260820,standard,Call,2610,63000,0,4,0,4
20260820,standard,Put,2609,63500,7,924,0,924
20260820,standard,Call,2610,63875,0,50,0,50
20260820,standard,Put,2609,63625,0,40,0,40
20260820,standard,Call,2610,64000,0,31,0,31
20260820,standard,Put,2609,63750,2,30,-2,32
20260820,standard,Call,2610,65000,2,100,0,100
20260820,standard,Put,2609,63875,10,84,-10,94
20260820,standard,Call,2610,65250,0,1,0,1
20260820,standard,Put,2609,64000,205,3156,2,3154
20260820,standard,Call,2610,65500,0,60,0,60
20260820,standard,Put,2609,64125,0,25,0,25
20260820,standard,Call,2610,65750,2,1,0,1
20260820,standard,Put,2609,64250,0,20,0,20
20260820,standard,Call,2610,66000,10,302,-1,303
20260820,standard,Put,2609,64375,0,27,0,27
20260820,standard,Call,2610,66250,1,4,0,4
20260820,standard,Put,2609,64500,12,666,7,659
20260820,standard,Call,2610,66375,1,0,0,0
20260820,standard,Put,2609,64625,0,46,0,46
20260820,standard,Call,2610,66875,12,12,12,0
20260820,standard,Put,2609,64750,0,480,0,480
20260820,standard,Call,2610,67000,7,380,0,380
20260820,standard,Put,2609,64875,0,11,0,11
20260820,standard,Call,2610,67500,3,110,3,107
20260820,standard,Put,2609,65000,75,3626,-18,3644
20260820,standard,Call,2610,67750,1,1,0,1
20260820,standard,Put,2609,65125,2,33,2,31
20260820,standard,Call,2610,68000,175,593,70,523
20260820,standard,Put,2609,65250,4,90,0,90
20260820,standard,Call,2610,68125,0,13,0,13
20260820,standard,Put,2609,65375,0,31,0,31
20260820,standard,Call,2610,68250,2,2,0,2
20260820,standard,Put,2609,65500,32,809,2,807
20260820,standard,Call,2610,68375,0,3,0,3
20260820,standard,Put,2609,65625,0,26,0,26
20260820,standard,Call,2610,68500,0,202,0,202
20260820,standard,Put,2609,65750,1,699,-1,700
20260820,standard,Call,2610,69000,731,1062,725,337
20260820,standard,Put,2609,65875,0,1,0,1
20260820,standard,Call,2610,69500,2,4,0,4
20260820,standard,Put,2609,66000,80,2397,8,2389
20260820,standard,Call,2610,69750,1,1,0,1
20260820,standard,Put,2609,66125,0,4,0,4
20260820,standard,Call,2610,70000,220,686,103,583
20260820,standard,Put,2609,66250,1,13,0,13
20260820,standard,Call,2610,70250,3,0,0,0
20260820,standard,Put,2609,66375,0,1,0,1
20260820,standard,Call,2610,70500,3,100,0,100
20260820,standard,Put,2609,66500,11,2230,-2,2232
20260820,standard,Call,2610,70750,0,1,0,1
20260820,standard,Put,2609,66625,0,22,0,22
20260820,standard,Call,2610,71000,3,116,1,115
20260820,standard,Put,2609,66750,0,149,0,149
20260820,standard,Call,2610,71500,0,3,0,3
20260820,standard,Put,2609,67000,9,2736,-3,2739
20260820,standard,Call,2610,71750,2,0,0,0
20260820,standard,Put,2609,67250,1,115,1,114
20260820,standard,Call,2610,72000,400,477,70,407
20260820,standard,Put,2609,67375,0,58,0,58
20260820,standard,Call,2610,72250,0,6,0,6
20260820,standard,Put,2609,67500,0,638,0,638
20260820,standard,Call,2610,72500,2,1,0,1
20260820,standard,Put,2609,67625,0,1,0,1
20260820,standard,Call,2610,72750,2,7,0,7
20260820,standard,Put,2609,67750,0,281,0,281
20260820,standard,Call,2610,73000,123,1256,0,1256
20260820,standard,Put,2609,68000,14,2152,-4,2156
20260820,standard,Call,2610,73250,1,1,0,1
20260820,standard,Put,2609,68250,0,134,0,134
20260820,standard,Call,2610,73500,0,6,0,6
20260820,standard,Put,2609,68375,0,1,0,1
20260820,standard,Call,2610,74000,12,371,0,371
20260820,standard,Put,2609,68500,1,196,0,196
20260820,standard,Call,2610,74250,2,0,0,0
20260820,standard,Put,2609,68750,2,47,0,47
20260820,standard,Call,2610,74500,1,55,1,54
20260820,standard,Put,2609,69000,3,1172,1,1171
20260820,standard,Call,2610,74750,1,1,1,0
20260820,standard,Put,2609,69250,0,2,0,2
20260820,standard,Call,2610,75000,144,1266,-2,1268
20260820,standard,Put,2609,69500,0,8,0,8
20260820,standard,Call,2610,75500,1,2,1,1
20260820,standard,Put,2609,70000,0,1482,0,1482
20260820,standard,Call,2610,76000,250,401,-1,402
20260820,standard,Put,2609,70500,0,2,0,2
20260820,standard,Call,2610,76500,1,1,1,0
20260820,standard,Put,2609,71000,0,100,0,100
20260820,standard,Call,2610,77000,13,1103,2,1101
20260820,standard,Put,2609,71250,0,1,0,1
20260820,standard,Call,2610,77500,3,102,1,101
20260820,standard,Put,2609,73000,0,3,0,3
20260820,standard,Call,2610,78000,6,522,6,516
20260820,standard,Put,2609,77500,0,4,0,4
20260820,standard,Call,2610,78500,3,3,0,3
20260820,standard,Put,2609,78000,0,1,0,1
20260820,standard,Call,2610,79000,1,6,1,5
20260820,standard,Put,2609,80000,0,1,0,1
20260820,standard,Call,2610,79500,0,4,0,4
20260820,standard,Put,2609,85000,0,5,0,5
20260820,standard,Call,2610,80000,2,1778,0,1778
20260820,standard,Call,2610,81000,1,447,0,447
20260820,standard,Call,2610,81500,0,2,0,2
20260820,standard,Put,2610,20000,6,161,5,156
20260820,standard,Call,2610,82000,11,43,10,33
20260820,standard,Put,2610,22500,0,11,0,11
20260820,standard,Call,2610,82500,1,2,1,1
20260820,standard,Put,2610,25000,2024,1462,-1946,3408
20260820,standard,Call,2610,83000,9,7,1,6
20260820,standard,Put,2610,26000,0,23,0,23
20260820,standard,Call,2610,83500,0,8,0,8
20260820,standard,Put,2610,27000,0,5,0,5
20260820,standard,Call,2610,84000,0,9,0,9
20260820,standard,Put,2610,28000,0,3,0,3
20260820,standard,Call,2610,85000,13,142,0,142
20260820,standard,Put,2610,29000,0,11,0,11
20260820,standard,Call,2610,87500,41,49,39,10
20260820,standard,Put,2610,30000,2127,4045,2003,2042
20260820,standard,Call,2610,90000,31,101,5,96
20260820,standard,Put,2610,31000,0,3,0,3
20260820,standard,Call,2610,92500,0,1,0,1
20260820,standard,Put,2610,32000,0,5,0,5
20260820,standard,Call,2610,95000,2,13,0,13
20260820,standard,Put,2610,33000,0,557,0,557
20260820,standard,Call,2610,97500,1,1,1,0
20260820,standard,Put,2610,34000,1,3,1,2
20260820,standard,Call,2610,100000,0,32,0,32
20260820,standard,Put,2610,35000,0,135,0,135
20260820,standard,Put,2610,36000,0,1,0,1
20260820,standard,Put,2610,37000,1,170,1,169
20260820,standard,Call,2611,44500,0,1,0,1
20260820,standard,Put,2610,38000,0,4,0,4
20260820,standard,Call,2611,50250,0,35,0,35
20260820,standard,Put,2610,39000,0,101,0,101
20260820,standard,Call,2611,56000,0,34,0,34
20260820,standard,Put,2610,40000,202,607,202,405
20260820,standard,Call,2611,57500,0,100,0,100
20260820,standard,Put,2610,41000,8,108,0,108
20260820,standard,Call,2611,60500,0,100,0,100
20260820,standard,Put,2610,42000,1,139,0,139
20260820,standard,Call,2611,61000,0,200,0,200
20260820,standard,Put,2610,42750,1,31,1,30
20260820,standard,Call,2611,63000,0,1,0,1
20260820,standard,Put,2610,43000,0,135,0,135
20260820,standard,Call,2611,64000,0,125,0,125
20260820,standard,Put,2610,43250,0,15,0,15
20260820,standard,Call,2611,65000,0,10,0,10
20260820,standard,Put,2610,43500,2,15,0,15
20260820,standard,Call,2611,65500,0,101,0,101
20260820,standard,Put,2610,43750,0,12,0,12
20260820,standard,Call,2611,66000,0,321,0,321
20260820,standard,Put,2610,44000,0,179,0,179
20260820,standard,Call,2611,67000,938,1126,188,938
20260820,standard,Put,2610,44250,0,36,0,36
20260820,standard,Call,2611,67500,0,301,0,301
20260820,standard,Put,2610,44500,0,1,0,1
20260820,standard,Call,2611,68000,0,130,0,130
20260820,standard,Put,2610,44750,0,34,0,34
20260820,standard,Call,2611,68375,0,16,0,16
20260820,standard,Put,2610,45000,31,745,1,744
20260820,standard,Call,2611,68500,0,1,0,1
20260820,standard,Put,2610,45250,0,28,0,28
20260820,standard,Call,2611,69000,0,1162,0,1162
20260820,standard,Put,2610,45500,0,283,0,283
20260820,standard,Call,2611,69500,0,4,0,4
20260820,standard,Put,2610,45750,0,43,0,43
20260820,standard,Call,2611,70000,0,1017,0,1017
20260820,standard,Put,2610,46000,0,281,0,281
20260820,standard,Call,2611,70500,0,1,0,1
20260820,standard,Put,2610,46250,1,8,1,7
20260820,standard,Call,2611,71000,0,300,0,300
20260820,standard,Put,2610,46500,0,157,0,157
20260820,standard,Call,2611,71500,0,278,0,278
20260820,standard,Put,2610,46750,0,131,0,131
20260820,standard,Call,2611,72000,0,195,0,195
20260820,standard,Put,2610,47000,8,286,0,286
20260820,standard,Call,2611,72500,400,601,400,201
20260820,standard,Put,2610,47250,0,25,0,25
20260820,standard,Call,2611,74000,1,100,0,100
20260820,standard,Put,2610,47500,0,50,0,50
20260820,standard,Call,2611,74500,0,116,0,116
20260820,standard,Put,2610,47750,0,31,0,31
20260820,standard,Call,2611,75000,0,836,0,836
20260820,standard,Put,2610,48000,10,523,0,523
20260820,standard,Call,2611,75500,0,75,0,75
20260820,standard,Put,2610,48250,0,51,0,51
20260820,standard,Call,2611,76000,0,1,0,1
20260820,standard,Put,2610,48500,2,179,0,179
20260820,standard,Call,2611,76500,0,278,0,278
20260820,standard,Put,2610,48750,0,23,0,23
20260820,standard,Call,2611,77000,0,120,0,120
20260820,standard,Put,2610,49000,8,117,0,117
20260820,standard,Call,2611,78000,0,2,0,2
20260820,standard,Put,2610,49250,2,33,2,31
20260820,standard,Call,2611,79000,0,5,0,5
20260820,standard,Put,2610,49500,42,62,36,26
20260820,standard,Call,2611,80000,0,90,0,90
20260820,standard,Put,2610,49750,16,51,0,51
20260820,standard,Call,2611,82500,0,1,0,1
20260820,standard,Put,2610,50000,11,877,2,875
20260820,standard,Call,2611,87500,0,1,0,1
20260820,standard,Put,2610,50250,0,46,0,46
20260820,standard,Call,2611,90000,0,3,0,3
20260820,standard,Put,2610,50500,9,245,9,236
20260820,standard,Call,2611,92500,0,1,0,1
20260820,standard,Put,2610,50750,15,44,5,39
20260820,standard,Call,2611,95000,0,6,0,6
20260820,standard,Put,2610,51000,1,286,0,286
20260820,standard,Call,2611,100000,0,5,0,5
20260820,standard,Put,2610,51250,0,39,0,39
20260820,standard,Put,2610,51500,0,175,0,175
20260820,standard,Put,2610,51750,0,60,0,60
20260820,standard,Put,2610,52000,2,439,-1,440
20260820,standard,Put,2610,52250,1,46,1,45
20260820,standard,Put,2610,52500,2,152,0,152
20260820,standard,Put,2610,52750,6,42,0,42
20260820,standard,Put,2610,53000,116,1145,0,1145
20260820,standard,Put,2610,53250,0,4,0,4
20260820,standard,Put,2610,53500,0,135,0,135
20260820,standard,Put,2610,53750,0,2,0,2
20260820,standard,Put,2610,54000,4,414,2,412
20260820,standard,Put,2610,54250,0,35,0,35
20260820,standard,Put,2610,54500,4,580,0,580
20260820,standard,Put,2610,54750,0,6,0,6
20260820,standard,Put,2610,55000,5,1938,1,1937
20260820,standard,Put,2610,55250,0,39,0,39
20260820,standard,Put,2610,55500,0,251,0,251
20260820,standard,Put,2610,55750,50,43,-48,91
20260820,standard,Put,2610,56000,2,324,0,324
20260820,standard,Put,2610,56250,11,25,11,14
20260820,standard,Put,2610,56500,2,139,0,139
20260820,standard,Put,2610,56750,16,43,16,27
20260820,standard,Put,2610,57000,8,423,2,421
20260820,standard,Put,2610,57250,32,39,28,11
20260820,standard,Put,2610,57500,0,163,0,163
20260820,standard,Put,2610,57750,31,44,13,31
20260820,standard,Put,2610,58000,13,1612,2,1610
20260820,standard,Put,2610,58250,4,36,0,36
20260820,standard,Put,2610,58375,0,441,0,441
20260820,standard,Put,2610,58500,6,148,0,148
20260820,standard,Put,2610,58625,0,10,0,10
20260820,standard,Put,2610,58750,0,13,0,13
20260820,standard,Put,2610,58875,0,1,0,1
20260820,standard,Put,2610,59000,0,152,0,152
20260820,standard,Put,2610,59125,2,24,1,23
20260820,standard,Put,2610,59250,0,114,0,114
20260820,standard,Put,2610,59500,0,43,0,43
20260820,standard,Put,2610,59625,0,11,0,11
20260820,standard,Put,2610,59750,12,6,3,3
20260820,standard,Put,2610,60000,608,2072,196,1876
20260820,standard,Put,2610,60250,6,4,0,4
20260820,standard,Put,2610,60375,0,300,0,300
20260820,standard,Put,2610,60500,0,134,0,134
20260820,standard,Put,2610,60750,0,48,0,48
20260820,standard,Put,2610,60875,0,7,0,7
20260820,standard,Put,2610,61000,0,538,0,538
20260820,standard,Put,2610,61500,2,3,0,3
20260820,standard,Put,2610,61875,0,6,0,6
20260820,standard,Put,2610,62000,29,886,-13,899
20260820,standard,Put,2610,62250,0,1,0,1
20260820,standard,Put,2610,62375,0,6,0,6
20260820,standard,Put,2610,62500,1,554,1,553
20260820,standard,Put,2610,62875,0,6,0,6
20260820,standard,Put,2610,63000,100,419,100,319
20260820,standard,Put,2610,63500,0,2,0,2
20260820,standard,Put,2610,63625,0,6,0,6
20260820,standard,Put,2610,63875,0,55,0,55
20260820,standard,Put,2610,64000,17,1314,6,1308
20260820,standard,Put,2610,64250,0,7,0,7
20260820,standard,Put,2610,64500,3,234,2,232
20260820,standard,Put,2610,64750,0,3,0,3
20260820,standard,Put,2610,65000,3,1460,0,1460
20260820,standard,Put,2610,65250,2,9,1,8
20260820,standard,Put,2610,65375,0,231,0,231
20260820,standard,Put,2610,65500,0,64,0,64
20260820,standard,Put,2610,65750,0,1,0,1
20260820,standard,Put,2610,66000,0,13,0,13
20260820,standard,Put,2610,66500,0,91,0,91
20260820,standard,Put,2610,66750,0,9,0,9
20260820,standard,Put,2610,67000,2,506,0,506
20260820,standard,Put,2610,67500,0,41,0,41
20260820,standard,Put,2610,67625,0,6,0,6
20260820,standard,Put,2610,67750,0,9,0,9
20260820,standard,Put,2610,68000,0,541,0,541
20260820,standard,Put,2610,68125,0,4,0,4
20260820,standard,Put,2610,68500,0,8,0,8
20260820,standard,Put,2610,69000,0,211,0,211
20260820,standard,Put,2610,70000,0,101,0,101
20260820,standard,Put,2610,72500,0,1,0,1
20260820,standard,Put,2610,73000,6,10,-6,16
20260820,standard,Put,2610,79000,0,1,0,1
20260820,standard,Put,2610,85000,0,22,0,22
20260820,standard,Put,2611,20000,1,1,1,0
20260820,standard,Put,2611,25000,6,77,5,72
20260820,standard,Put,2611,27000,0,6,0,6
20260820,standard,Put,2611,28000,0,20,0,20
20260820,standard,Put,2611,30000,0,1,0,1
20260820,standard,Put,2611,35000,0,2,0,2
20260820,standard,Put,2611,37000,0,2,0,2
20260820,standard,Put,2611,38000,1,2,1,1
20260820,standard,Put,2611,39000,0,1,0,1
20260820,standard,Put,2611,40000,0,100,0,100
20260820,standard,Put,2611,41000,0,103,0,103
20260820,standard,Put,2611,42000,0,251,0,251
20260820,standard,Put,2611,43000,0,155,0,155
20260820,standard,Put,2611,44000,0,102,0,102
20260820,standard,Put,2611,44500,0,1,0,1
20260820,standard,Put,2611,44750,0,1,0,1
20260820,standard,Put,2611,45000,100,102,100,2
20260820,standard,Put,2611,45250,0,2,0,2
20260820,standard,Put,2611,45500,0,2,0,2
20260820,standard,Put,2611,45750,0,2,0,2
20260820,standard,Put,2611,46000,26,28,26,2
20260820,standard,Put,2611,46250,0,2,0,2
20260820,standard,Put,2611,46500,0,3,0,3
20260820,standard,Put,2611,46750,0,2,0,2
20260820,standard,Put,2611,47000,0,102,0,102
20260820,standard,Put,2611,47250,0,2,0,2
20260820,standard,Put,2611,47500,0,3,0,3
20260820,standard,Put,2611,47750,0,2,0,2
20260820,standard,Put,2611,48000,6,9,2,7
20260820,standard,Put,2611,48250,0,3,0,3
20260820,standard,Put,2611,48500,0,3,0,3
20260820,standard,Put,2611,48750,0,111,0,111
20260820,standard,Put,2611,49000,0,149,0,149
20260820,standard,Put,2611,49250,0,41,0,41
20260820,standard,Put,2611,49500,0,218,0,218
20260820,standard,Put,2611,49750,0,28,0,28
20260820,standard,Put,2611,50000,0,247,0,247
20260820,standard,Put,2611,50250,0,59,0,59
20260820,standard,Put,2611,50500,0,103,0,103
20260820,standard,Put,2611,50750,0,34,0,34
20260820,standard,Put,2611,51000,0,608,0,608
20260820,standard,Put,2611,51250,0,25,0,25
20260820,standard,Put,2611,51500,0,18,0,18
20260820,standard,Put,2611,52000,2,582,0,582
20260820,standard,Put,2611,52500,0,139,0,139
20260820,standard,Put,2611,52750,0,2,0,2
20260820,standard,Put,2611,53000,0,55,0,55
20260820,standard,Put,2611,53250,0,15,0,15
20260820,standard,Put,2611,53500,0,400,0,400
20260820,standard,Put,2611,53750,0,25,0,25
20260820,standard,Put,2611,54000,0,100,0,100
20260820,standard,Put,2611,54250,0,1,0,1
20260820,standard,Put,2611,54500,0,300,0,300
20260820,standard,Put,2611,54750,0,1,0,1
20260820,standard,Put,2611,55000,0,114,0,114
20260820,standard,Put,2611,55250,0,16,0,16
20260820,standard,Put,2611,55500,0,150,0,150
20260820,standard,Put,2611,55750,0,1,0,1
20260820,standard,Put,2611,56000,0,201,0,201
20260820,standard,Put,2611,56500,0,45,0,45
20260820,standard,Put,2611,56750,0,30,0,30
20260820,standard,Put,2611,57000,0,300,0,300
20260820,standard,Put,2611,57250,3,16,3,13
20260820,standard,Put,2611,57500,0,400,0,400
20260820,standard,Put,2611,57750,0,2,0,2
20260820,standard,Put,2611,58000,0,386,0,386
20260820,standard,Put,2611,58250,0,21,0,21
20260820,standard,Put,2611,58500,0,111,0,111
20260820,standard,Put,2611,59000,9,141,5,136
20260820,standard,Put,2611,59500,0,465,0,465
20260820,standard,Put,2611,59750,0,1,0,1
20260820,standard,Put,2611,60000,0,474,0,474
20260820,standard,Put,2611,60500,0,103,0,103
20260820,standard,Put,2611,60750,0,28,0,28
20260820,standard,Put,2611,61000,0,620,0,620
20260820,standard,Put,2611,61500,0,5,0,5
20260820,standard,Put,2611,62000,400,995,295,700
20260820,standard,Put,2611,62500,0,144,0,144
20260820,standard,Put,2611,63000,0,398,0,398
20260820,standard,Put,2611,64000,0,571,0,571
20260820,standard,Put,2611,64500,0,340,0,340
20260820,standard,Put,2611,65000,0,801,0,801
20260820,standard,Put,2611,65500,0,100,0,100
20260820,standard,Put,2611,66000,0,270,0,270
20260820,standard,Put,2611,66500,0,239,0,239
20260820,standard,Put,2611,67000,0,870,0,870
20260820,standard,Put,2611,67500,0,4,0,4
20260820,standard,Put,2611,68375,0,16,0,16
20260820,standard,Put,2611,68500,0,478,0,478
20260820,standard,Put,2611,69000,0,450,0,450
20260820,standard,Put,2611,69500,0,1,0,1
20260820,standard,Put,2611,70000,0,460,0,460
20260820,standard,Put,2611,70750,0,160,0,160
20260820,standard,Put,2611,72500,0,330,0,330
20260820,standard,Put,2611,79500,0,1,0,1
20260820,mini,Put,260820,58375,1929,6991,1769,5222
20260820,mini,Call,260820,62500,2,0,0,0
20260820,mini,Put,260820,58500,51,2646,16,2630
20260820,mini,Call,260820,64000,0,13,0,13
20260820,mini,Put,260820,58625,0,503,0,503
20260820,mini,Call,260820,65000,29,5,-5,10
20260820,mini,Put,260820,58750,1,775,0,775
20260820,mini,Call,260820,65250,52,52,49,3
20260820,mini,Put,260820,58875,0,608,0,608
20260820,mini,Call,260820,65500,96,83,38,45
20260820,mini,Put,260820,59000,23,828,-18,846
20260820,mini,Call,260820,65625,11,0,0,0
20260820,mini,Put,260820,59125,1,1001,0,1001
20260820,mini,Call,260820,65750,84,59,39,20
20260820,mini,Put,260820,59250,665,666,164,502
20260820,mini,Call,260820,65875,59,4,0,4
20260820,mini,Put,260820,59375,5,506,5,501
20260820,mini,Call,260820,66000,700,214,-44,258
20260820,mini,Put,260820,59500,409,663,162,501
20260820,mini,Call,260820,66125,175,71,71,0
20260820,mini,Put,260820,59625,111,111,111,0
20260820,mini,Call,260820,66250,210,99,42,57
20260820,mini,Put,260820,59750,111,111,111,0
20260820,mini,Call,260820,66375,112,104,104,0
20260820,mini,Put,260820,59875,111,111,101,10
20260820,mini,Call,260820,66500,1708,698,566,132
20260820,mini,Put,260820,60000,1372,3462,251,3211
20260820,mini,Call,260820,66625,81,77,77,0
20260820,mini,Put,260820,60125,1,31,1,30
20260820,mini,Call,260820,66750,577,235,124,111
20260820,mini,Put,260820,60250,4,11,4,7
20260820,mini,Call,260820,66875,121,70,43,27
20260820,mini,Put,260820,60375,1,5,1,4
20260820,mini,Call,260820,67000,3848,697,105,592
20260820,mini,Put,260820,60500,20,40,11,29
20260820,mini,Call,260820,67125,281,254,235,19
20260820,mini,Put,260820,60625,1,3,1,2
20260820,mini,Call,260820,67250,320,462,76,386
20260820,mini,Put,260820,60750,1,1,1,0
20260820,mini,Call,260820,67375,115,114,91,23
20260820,mini,Put,260820,60875,11,17,6,11
20260820,mini,Call,260820,67500,1277,501,126,375
20260820,mini,Put,260820,61000,1205,725,94,631
20260820,mini,Call,260820,67625,59,40,5,35
20260820,mini,Put,260820,61125,1,1,1,0
20260820,mini,Call,260820,67750,303,116,-75,191
20260820,mini,Put,260820,61250,26,47,21,26
20260820,mini,Call,260820,67875,23,85,-4,89
20260820,mini,Put,260820,61375,1,19,1,18
20260820,mini,Call,260820,68000,2193,717,-86,803
20260820,mini,Put,260820,61500,442,243,-6,249
20260820,mini,Call,260820,68125,42,31,25,6
20260820,mini,Put,260820,61625,1,13,1,12
20260820,mini,Call,260820,68250,139,122,28,94
20260820,mini,Put,260820,61750,70,18,-30,48
20260820,mini,Call,260820,68375,54,22,-2,24
20260820,mini,Put,260820,61875,8,7,-5,12
20260820,mini,Call,260820,68500,778,253,66,187
20260820,mini,Put,260820,62000,771,584,334,250
20260820,mini,Call,260820,68625,148,64,45,19
20260820,mini,Put,260820,62125,263,106,93,13
20260820,mini,Call,260820,68750,98,113,20,93
20260820,mini,Put,260820,62250,252,56,12,44
20260820,mini,Call,260820,68875,239,63,58,5
20260820,mini,Put,260820,62375,19,16,14,2
20260820,mini,Call,260820,69000,3936,3074,2105,969
20260820,mini,Put,260820,62500,474,698,152,546
20260820,mini,Call,260820,69125,134,123,121,2
20260820,mini,Put,260820,62625,37,41,28,13
20260820,mini,Call,260820,69250,167,266,143,123
20260820,mini,Put,260820,62750,56,185,-7,192
20260820,mini,Call,260820,69375,2,28,0,28
20260820,mini,Put,260820,62875,502,326,251,75
20260820,mini,Call,260820,69500,689,759,127,632
20260820,mini,Put,260820,63000,2186,897,389,508
20260820,mini,Call,260820,69625,8,1,-5,6
20260820,mini,Put,260820,63125,34,17,10,7
20260820,mini,Call,260820,69750,59,97,18,79
20260820,mini,Put,260820,63250,158,121,73,48
20260820,mini,Call,260820,69875,21,105,3,102
20260820,mini,Put,260820,63375,24,12,-1,13
20260820,mini,Call,260820,70000,960,1652,510,1142
20260820,mini,Put,260820,63500,749,658,15,643
20260820,mini,Call,260820,70125,269,270,262,8
20260820,mini,Put,260820,63625,121,107,106,1
20260820,mini,Call,260820,70250,807,756,705,51
20260820,mini,Put,260820,63750,196,147,120,27
20260820,mini,Call,260820,70375,6,18,-2,20
20260820,mini,Put,260820,63875,34,31,28,3
20260820,mini,Call,260820,70500,522,1541,455,1086
20260820,mini,Put,260820,64000,1879,751,-33,784
20260820,mini,Call,260820,70750,94,127,94,33
20260820,mini,Put,260820,64125,12,4,4,0
20260820,mini,Call,260820,71000,66,581,7,574
20260820,mini,Put,260820,64250,137,121,85,36
20260820,mini,Call,260820,71125,0,1,0,1
20260820,mini,Put,260820,64375,61,13,-2,15
20260820,mini,Call,260820,71250,39,377,0,377
20260820,mini,Put,260820,64500,1422,813,361,452
20260820,mini,Call,260820,71375,0,1,0,1
20260820,mini,Put,260820,64625,9,8,2,6
20260820,mini,Call,260820,71500,13,201,-3,204
20260820,mini,Put,260820,64750,575,59,-7,66
20260820,mini,Call,260820,71625,0,3,0,3
20260820,mini,Put,260820,64875,28,36,22,14
20260820,mini,Call,260820,71750,25,433,0,433
20260820,mini,Put,260820,65000,3690,1685,-38,1723
20260820,mini,Call,260820,71875,0,1,0,1
20260820,mini,Put,260820,65125,37,18,7,11
20260820,mini,Call,260820,72000,3,457,0,457
20260820,mini,Put,260820,65250,133,94,-14,108
20260820,mini,Call,260820,72125,0,71,0,71
20260820,mini,Put,260820,65375,14,3,0,3
20260820,mini,Call,260820,72250,103,255,101,154
20260820,mini,Put,260820,65500,1394,335,17,318
20260820,mini,Put,260820,65625,66,39,1,38
20260820,mini,Put,260820,65750,175,217,21,196
20260820,mini,Call,260825,65500,0,2,0,2
20260820,mini,Put,260820,65875,219,342,46,296
20260820,mini,Call,260825,68250,0,2,0,2
20260820,mini,Put,260820,66000,2904,1355,-44,1399
20260820,mini,Call,260825,68500,5,5,5,0
20260820,mini,Put,260820,66125,52,10,8,2
20260820,mini,Call,260825,72000,30,30,30,0
20260820,mini,Put,260820,66250,250,99,46,53
20260820,mini,Call,260825,72250,217,216,216,0
20260820,mini,Put,260820,66375,4,7,1,6
20260820,mini,Put,260820,66500,326,188,-114,302
20260820,mini,Put,260820,66625,6,19,-3,22
20260820,mini,Call,260827,64000,0,4,0,4
20260820,mini,Put,260820,66750,1,71,0,71
20260820,mini,Call,260827,65000,0,1,0,1
20260820,mini,Put,260820,66875,0,25,0,25
20260820,mini,Call,260827,65375,0,4,0,4
20260820,mini,Put,260820,67000,316,1167,-74,1241
20260820,mini,Call,260827,65500,1,2,-1,3
20260820,mini,Put,260820,67125,0,55,0,55
20260820,mini,Call,260827,65750,1,5,1,4
20260820,mini,Put,260820,67250,2,216,-2,218
20260820,mini,Call,260827,66000,8,6,-4,10
20260820,mini,Put,260820,67375,1,33,-1,34
20260820,mini,Call,260827,66250,3,8,0,8
20260820,mini,Put,260820,67500,64,425,-44,469
20260820,mini,Call,260827,66500,15,14,12,2
20260820,mini,Put,260820,67625,0,4,0,4
20260820,mini,Call,260827,66750,3,3,1,2
20260820,mini,Put,260820,67750,14,78,-2,80
20260820,mini,Call,260827,67000,61,98,20,78
20260820,mini,Put,260820,67875,0,1,0,1
20260820,mini,Call,260827,67250,3,7,3,4
20260820,mini,Put,260820,68000,42,560,-18,578
20260820,mini,Call,260827,67500,58,103,48,55
20260820,mini,Put,260820,68125,0,11,0,11
20260820,mini,Call,260827,67625,1,0,-1,1
20260820,mini,Put,260820,68250,11,46,-1,47
20260820,mini,Call,260827,67750,4,8,4,4
20260820,mini,Put,260820,68375,0,7,0,7
20260820,mini,Call,260827,67875,2,2,2,0
20260820,mini,Put,260820,68500,13,154,-2,156
20260820,mini,Call,260827,68000,149,299,75,224
20260820,mini,Put,260820,68625,0,11,0,11
20260820,mini,Call,260827,68250,14,16,-14,30
20260820,mini,Put,260820,68750,3,33,-3,36
20260820,mini,Call,260827,68500,117,222,78,144
20260820,mini,Put,260820,68875,0,6,0,6
20260820,mini,Call,260827,68750,2,10,1,9
20260820,mini,Put,260820,69000,12,409,-3,412
20260820,mini,Call,260827,69000,150,478,-51,529
20260820,mini,Put,260820,69125,0,2,0,2
20260820,mini,Call,260827,69250,12,12,3,9
20260820,mini,Put,260820,69250,2,12,-2,14
20260820,mini,Call,260827,69500,73,66,62,4
20260820,mini,Put,260820,69500,12,64,-10,74
20260820,mini,Call,260827,69750,2,6,-2,8
20260820,mini,Put,260820,70000,2,2,-2,4
20260820,mini,Call,260827,70000,105,167,67,100
20260820,mini,Put,260820,70500,0,3,0,3
20260820,mini,Call,260827,70250,0,55,0,55
20260820,mini,Put,260820,71000,0,1,0,1
20260820,mini,Call,260827,70500,186,205,95,110
20260820,mini,Put,260820,71500,0,1,0,1
20260820,mini,Call,260827,70750,2,2,1,1
20260820,mini,Call,260827,70875,1,1,-1,2
20260820,mini,Call,260827,71000,78,46,-34,80
20260820,mini,Put,260825,58375,643,642,642,0
20260820,mini,Call,260827,71250,50,202,-50,252
20260820,mini,Put,260825,63500,69,38,38,0
20260820,mini,Call,260827,71500,56,11,-47,58
20260820,mini,Put,260825,65500,0,2,0,2
20260820,mini,Call,260827,71750,2,8,-1,9
20260820,mini,Put,260825,68250,0,2,0,2
20260820,mini,Call,260827,72000,36,188,17,171
20260820,mini,Call,260827,72250,24,36,21,15
20260820,mini,Put,260827,58375,31,96,13,83
20260820,mini,Put,260827,58500,38,34,13,21
20260820,mini,Call,260901,65500,0,2,0,2
20260820,mini,Put,260827,58625,3,6,3,3
20260820,mini,Call,260901,68250,0,2,0,2
20260820,mini,Put,260827,58875,0,2,0,2
20260820,mini,Put,260827,59000,5,29,3,26
20260820,mini,Put,260827,59125,0,3,0,3
20260820,mini,Call,260903,65500,3,0,-3,3
20260820,mini,Put,260827,59500,0,6,0,6
20260820,mini,Call,260903,66250,0,4,0,4
20260820,mini,Put,260827,59750,0,1,0,1
20260820,mini,Call,260903,66500,4,4,4,0
20260820,mini,Put,260827,60000,79,90,37,53
20260820,mini,Call,260903,67750,0,4,0,4
20260820,mini,Put,260827,60375,0,1,0,1
20260820,mini,Call,260903,68250,0,2,0,2
20260820,mini,Put,260827,60500,12,21,11,10
20260820,mini,Call,260903,68750,0,4,0,4
20260820,mini,Put,260827,60750,41,41,41,0
20260820,mini,Call,260903,69000,0,1,0,1
20260820,mini,Put,260827,60875,0,1,0,1
20260820,mini,Put,260827,61000,45,79,29,50
20260820,mini,Put,260827,61125,0,2,0,2
20260820,mini,Put,260827,61250,0,1,0,1
20260820,mini,Put,260827,61375,0,1,0,1
20260820,mini,Put,260827,61500,19,21,7,14
20260820,mini,Put,260827,61750,7,2,1,1
20260820,mini,Put,260827,61875,0,2,0,2
20260820,mini,Put,260827,62000,123,107,55,52
20260820,mini,Put,260827,62250,0,3,0,3
20260820,mini,Put,260827,62375,8,0,-1,1
20260820,mini,Put,260827,62500,14,19,10,9
20260820,mini,Put,260827,62750,0,1,0,1
20260820,mini,Put,260827,62875,0,2,0,2
20260820,mini,Put,260827,63000,175,173,111,62
20260820,mini,Put,260827,63250,2,9,0,9
20260820,mini,Put,260827,63375,0,2,0,2
20260820,mini,Put,260827,63500,15,24,8,16
20260820,mini,Put,260827,63750,0,5,0,5
20260820,mini,Put,260827,63875,0,3,0,3
20260820,mini,Put,260827,64000,98,239,47,192
20260820,mini,Put,260827,64250,0,54,0,54
20260820,mini,Put,260827,64500,88,304,78,226
20260820,mini,Put,260827,64625,1,2,1,1
20260820,mini,Put,260827,64750,2,103,2,101
20260820,mini,Put,260827,64875,0,2,0,2
20260820,mini,Put,260827,65000,168,222,33,189
20260820,mini,Put,260827,65250,0,54,0,54
20260820,mini,Put,260827,65500,11,132,4,128
20260820,mini,Put,260827,65625,10,10,10,0
20260820,mini,Put,260827,65750,3,83,2,81
20260820,mini,Put,260827,65875,0,2,0,2
20260820,mini,Put,260827,66000,74,206,12,194
20260820,mini,Put,260827,66250,10,107,2,105
20260820,mini,Put,260827,66375,0,1,0,1
20260820,mini,Put,260827,66500,5,37,1,36
20260820,mini,Put,260827,66750,4,4,4,0
20260820,mini,Put,260827,66875,7,25,-5,30
20260820,mini,Put,260827,67000,0,5,0,5
20260820,mini,Put,260827,67250,0,1,0,1
20260820,mini,Put,260827,67500,3,31,-3,34
20260820,mini,Put,260827,67750,2,6,2,4
20260820,mini,Put,260827,68000,0,6,0,6
20260820,mini,Put,260827,68250,0,4,0,4
20260820,mini,Put,260827,68500,1,4,-1,5
20260820,mini,Put,260827,68750,0,8,0,8
20260820,mini,Put,260827,69000,0,256,0,256
20260820,mini,Put,260827,69250,0,6,0,6
20260820,mini,Put,260827,69500,0,6,0,6
20260820,mini,Put,260827,69625,0,1,0,1
20260820,mini,Put,260901,65500,0,2,0,2
20260820,mini,Put,260901,68250,0,2,0,2
20260820,mini,Put,260903,58875,0,1,0,1
20260820,mini,Put,260903,60500,0,12,0,12
20260820,mini,Put,260903,66000,3,0,-3,3
20260820,mini,Put,260903,66250,0,4,0,4
20260820,mini,Put,260903,66500,4,4,4,0
20260820,mini,Put,260903,67750,0,4,0,4
20260820,mini,Put,260903,68250,0,2,0,2
20260820,mini,Put,260903,68750,0,4,0,4
